,latitude,longitude,community_area_name
MCGUANE (JOHN),41.84121015,-87.64867008738815,BRIDGEPORT
ARMOUR (PHILIP) SQUARE,41.834243799999996,-87.63503762572628,ARMOUR SQUARE
FULLER (MELVILLE),41.81198345,-87.63492968508908,FULLER PARK
CORNELL (PAUL) SQUARE,41.80316660802778,-87.67060650123534,NEW CITY
RUSSELL (MARTIN) SQUARE,41.7443631,-87.54989819394903,SOUTH CHICAGO
SHERMAN (JOHN),41.79950920172033,-87.65767623376706,NEW CITY
DAVIS (DR. NATHAN) SQUARE,41.81343839936837,-87.6664364816369,NEW CITY
OGDEN (WILLIAM),41.77504785,-87.65526562532736,WEST ENGLEWOOD
HAMILTON (ALEXANDER),41.762860200000006,-87.63766537217651,ENGLEWOOD
CALUMET,41.71758375,-87.5301963176882,EAST SIDE
WASHINGTON (GEORGE),41.7070309,-87.6137613,ROSELAND
PARK NO. 326,41.7781036752039,-87.59312710402108,WOODLAWN
MARQUETTE (JACQUES),41.77066636761087,-87.70305809681578,CHICAGO LAWN
BESSEMER (HENRY),41.7328665,-87.55641629145495,SOUTH CHICAGO
PALMER (POTTER),41.692737,-87.618099,ROSELAND
KOSCIUSZKO (THADEUZ),41.9309098,-87.72383806475555,LOGAN SQUARE
GRAND CROSSING,41.75560135963334,-87.60154111843616,GREATER GRAND CROSSING
TRUMBULL (LYMAN),41.705707149999995,-87.5644580537149,SOUTH DEERING
MANN (JAMES),41.65908558390678,-87.549349376915,HEGEWISCH
TULEY (MURRAY),41.7304748,-87.5898198,CALUMET HEIGHTS
JACKSON (ANDREW),41.7788187,-87.58545600773346,WOODLAWN
GAGE (GEORGE),41.79350015,-87.68497540121271,GAGE PARK
MCKINLEY (WILLIAM),41.82374735,-87.6824576507787,MCKINLEY PARK
GRANT (ULYSSES),41.8843538,-87.623393,LOOP
FOSTER (J. FRANK),41.7409452,-87.6898001,ASHBURN
BURNHAM (DANIEL),41.864890368331814,-87.61768413290784,NEAR SOUTH SIDE
AVALON,41.74362195,-87.59427431655169,AVALON PARK
RAINEY (EDWARD),41.7503231,-87.73100421776144,ASHBURN
NORTHERLY ISLAND,41.86176623494266,-87.60998602729394,NEAR SOUTH SIDE
GOMPERS (SAMUEL),41.975847099999996,-87.7344154037823,NORTH PARK
BOHN (HENRY),41.692027,-87.670821,MORGAN PARK
CRESCENT,41.6967210902242,-87.67932374657332,MORGAN PARK
KENNEDY (DENNIS),41.68713385,-87.68175317397669,MORGAN PARK
NINEBARK,41.8424335,-87.72328,SOUTH LAWNDALE
FIELD (EUGENE),41.97400195,-87.72242842256321,ALBANY PARK
KIWANIS,41.9735019,-87.7493726,FOREST GLEN
ADA (SAWYER GARRETT),41.6882676,-87.65597842638662,MORGAN PARK
PROSPECT GARDENS,41.69421374311107,-87.66911708728615,MORGAN PARK
ALMOND,41.68432457779809,-87.67812461637247,MORGAN PARK
MONUMENT,42.002285,-87.818475,EDISON PARK
ORIOLE,41.97857205,-87.81481307485997,NORWOOD PARK
OLYMPIA,41.9993527,-87.81515393130672,EDISON PARK
AVONDALE,41.9412692,-87.71526209789735,AVONDALE
BROOKS (OSCAR),42.009283509343575,-87.80677600621084,EDISON PARK
EDISON (THOMAS ALVA),42.00404685,-87.817587377627,EDISON PARK
FERNWOOD,41.70409745,-87.63861436765706,ROSELAND
EUCLID,41.71579577444787,-87.6371075661531,WASHINGTON HEIGHTS
FOREST GLEN,41.977935120774866,-87.75470584048165,FOREST GLEN
HOLLYWOOD,41.989159,-87.71190428767234,NORTH PARK
ATHLETIC FIELD,41.9467196,-87.71700694694292,IRVING PARK
BEEHIVE,41.78290676511572,-87.59151115003918,WOODLAWN
JENSEN (CHRIST),41.964803,-87.720702,ALBANY PARK
INDEPENDENCE,41.95295885,-87.7247681,IRVING PARK
KILBOURN,41.944601500000005,-87.73857849896645,IRVING PARK
KOLMAR,41.956176280321266,-87.74171880728835,IRVING PARK
MAYFAIR,41.9626943509231,-87.74198478918703,IRVING PARK
NORTH MAYFAIR,41.97362510598551,-87.7420480274493,ALBANY PARK
ROSEDALE,41.98832677468183,-87.78722186858907,NORWOOD PARK
GLADSTONE (WILLIAM),41.97911487936753,-87.77314410030492,JEFFERSON PARK
RAVENSWOOD MANOR,41.96550441522798,-87.70022508375588,ALBANY PARK
JEFFERSON (THOMAS) MEML.,41.9686701,-87.76286005007364,JEFFERSON PARK
ROBERTS (DANIEL) SQUARE,41.97164747548936,-87.75846755920763,JEFFERSON PARK
LINCOLN (ABRAHAM),41.925666,-87.6362966,LINCOLN PARK
CHASE (SALMON),41.9677345,-87.6689376081701,UPTOWN
EMMERSON (LOUIS),41.99473665,-87.67636030335689,WEST RIDGE
GOUDY (WILLIAM) SQUARE,41.90510644454724,-87.62702389024541,NEAR NORTH SIDE
HAMLIN (HANNIBAL),41.93731535,-87.6798934585443,NORTH CENTER
LAKE SHORE,41.89683511075421,-87.6229327695349,NEAR NORTH SIDE
LERNER (LEO),42.011187,-87.704579,WEST RIDGE
SEWARD (WILLIAM),41.9026674,-87.63816697953244,NEAR NORTH SIDE
STANTON (EDWIN),41.90509963357366,-87.64529755121998,NEAR NORTH SIDE
WELLES (GIDEON),41.96281765,-87.68663407094152,LINCOLN SQUARE
LOYOLA,42.010858400000004,-87.66167898206695,ROGERS PARK
PRAIRIE WOLF,41.78016250459415,-87.60299179534758,WOODLAWN
"BELL (GEORGE,JR.)",41.93496945110849,-87.79570468274466,MONTCLARE
BLACKHAWK,41.922879249999994,-87.75187263489786,BELMONT CRAGIN
RIIS (JACOB),41.924173499999995,-87.77856037456571,BELMONT CRAGIN
SIMONS (ALMIRA),41.91109426570262,-87.71507404865365,HUMBOLDT PARK
HERMOSA,41.92204225,-87.7396089012054,HERMOSA
KELVYN (WILLIAM),41.929196000000005,-87.73815458750099,HERMOSA
RUTHERFORD SAYRE,41.9207484,-87.79697660373483,MONTCLARE
MOZART (AMADEUS),41.918201643348645,-87.72302977632309,LOGAN SQUARE
AMUNDSEN (ROALD),41.91344555,-87.78023911469502,AUSTIN
GALEWOOD,41.91250375,-87.76873667693182,AUSTIN
CRAGIN,41.9281122,-87.75849782467023,BELMONT CRAGIN
GREENEBAUM (HENRY),41.91221599286103,-87.73361863135976,HUMBOLDT PARK
PLEASANT POINT,41.99854265178747,-87.7984293017025,NORWOOD PARK
NORWOOD,41.986551399999996,-87.79346372609689,NORWOOD PARK
WILSON (FRANK),41.9644593,-87.75857956434638,PORTAGE PARK
CHOPIN (FREDERIC),41.94319145,-87.76240576101922,PORTAGE PARK
PORTAGE,41.955319700000004,-87.76369722581602,PORTAGE PARK
SHABBONA,41.94531082913491,-87.8004173625282,DUNNING
JACOB,41.96638004629569,-87.69778994346915,LINCOLN SQUARE
BUFFALO,41.963198,-87.698633,ALBANY PARK
SUNKEN GARDENS,41.96301695588235,-87.69490435294117,LINCOLN SQUARE
ELM,41.800732433313,-87.5965619713998,HYDE PARK
INDIAN BOUNDARY,42.0089718,-87.69257514906371,WEST RIDGE
POTTAWATTOMIE,42.01516175,-87.67812214549019,ROGERS PARK
CHIPPEWA,42.004444050000004,-87.7049395315436,WEST RIDGE
MATANKY (EUGENE),42.00814199888569,-87.68140985722772,ROGERS PARK
RIDGE,41.7187453,-87.6678158,BEVERLY
COSME (MARGARET),41.728425,-87.674776,BEVERLY
BRAINERD,41.72715495,-87.65490771885257,WASHINGTON HEIGHTS
HURLEY (TIMOTHY),41.711957,-87.669059,BEVERLY
GRAVER (PHILIP),41.707198829862456,-87.66045453922935,BEVERLY
REVERE (PAUL),41.95364205,-87.69204427348836,NORTH CENTER
RIVER,41.974001900000005,-87.70196239079411,LINCOLN SQUARE
BRANDS,41.94134665,-87.70028374683204,AVONDALE
GREEN BRIAR,41.99096285,-87.69637183389287,WEST RIDGE
CALIFORNIA,41.95112814222381,-87.69804930785487,IRVING PARK
SAUGANASH,41.98750517300221,-87.73819307557092,FOREST GLEN
LA FOLLETTE (ROBERT),41.904968499999995,-87.75505620078619,AUSTIN
AUSTIN TOWN HALL,41.888470850000004,-87.7658057062049,AUSTIN
ECKHART (BERNARD),41.8966275,-87.66141890335714,WEST TOWN
FRANKLIN (BENJAMIN),41.861141,-87.73304866980165,NORTH LAWNDALE
HOLSTEIN,41.92173775,-87.68509607267177,LOGAN SQUARE
GARFIELD (JAMES),41.882688200000004,-87.71609648970485,EAST GARFIELD PARK
SHERIDAN (PHILIP HENRY),41.8704908,-87.65468732441602,NEAR WEST SIDE
ALTGELD (JOHN),41.8743665,-87.69329646245762,EAST GARFIELD PARK
COLUMBUS (CHRISTOPHER),41.873861899999994,-87.76615444706053,AUSTIN
UNION,41.88489938692088,-87.66474016245968,NEAR WEST SIDE
SKINNER (MARK),41.88019447361273,-87.6603356357391,NEAR WEST SIDE
DOUGLAS (STEPHEN),41.8623929,-87.69969015636636,NORTH LAWNDALE
MATHER (STEPHEN TYNG),41.987923300000006,-87.70124409738932,WEST RIDGE
SHEDD (JOHN G.),41.8499165345611,-87.71650304616149,SOUTH LAWNDALE
HARRISON (CARTER),41.856805449999996,-87.67203620752008,LOWER WEST SIDE
"WICKER (CHARLES, JOEL)",41.907479830702826,-87.67727203580365,WEST TOWN
ARRIGO (VICTOR),41.872288872103034,-87.65977877500409,NEAR WEST SIDE
SPRUCE,41.79798330268998,-87.59020621755253,HYDE PARK
DVORAK (ANTON),41.8549913,-87.6539415758752,LOWER WEST SIDE
PULASKI (CASIMER),41.906721399999995,-87.66356261359127,WEST TOWN
HUMBOLDT (BARON VON),41.9070848,-87.7029827260903,WEST TOWN
WEST PULLMAN,41.67056773010352,-87.6305401799584,WEST PULLMAN
HALE (NATHAN),41.780538,-87.77699853482582,CLEARING
SENN (NICHOLAS),41.988725416579705,-87.66857128182171,EDGEWATER
HORNER (HENRY),41.96055695,-87.69772255000001,IRVING PARK
HIAWATHA,41.94227004362243,-87.82761079131042,DUNNING
PIOTROWSKI (LILLIAN),41.836907,-87.729379,SOUTH LAWNDALE
MOCCASIN RANCH,41.77785850109285,-87.59469960430539,WOODLAWN
ROSENBLUM (J. LESLIE),41.75896,-87.575979,SOUTH SHORE
ECKERSALL (WALTER HERBERT),41.746369282373855,-87.56534373822875,SOUTH CHICAGO
VITTUM (HARRIET ELIZABETH),41.80213620340402,-87.74993742724607,GARFIELD RIDGE
EHRLER (WILLIAM),41.91620310198187,-87.68326052318842,LOGAN SQUARE
OAKDALE,41.7205783,-87.64754920070733,WASHINGTON HEIGHTS
ROBINSON (JACKIE),41.70264504125948,-87.64767588456691,WASHINGTON HEIGHTS
OWENS (JESSE),41.73535,-87.573088,CALUMET HEIGHTS
WENTWORTH (JOHN),41.7895478,-87.7788976,GARFIELD RIDGE
DAWES (CHARLES),41.74728831016944,-87.67316918361378,AUBURN GRESHAM
ROGERS (PHILLIP),42.01497051020408,-87.69719110204082,WEST RIDGE
HAYES (FRANCIS),41.73898815,-87.6968110374172,ASHBURN
LINDBLOM (ROBERT),41.78326695,-87.67460265335257,WEST ENGLEWOOD
GATELY (JAMES),41.7085283,-87.60316929999999,PULLMAN
DUNHAM (ROBERT),41.9659971421743,-87.78207914360604,PORTAGE PARK
WEST LAWN,41.77486903606575,-87.72854091606648,WEST LAWN
TOUHY (PATRICK),42.015265600000006,-87.67297849570652,ROGERS PARK
PASTEUR (LOUIS),41.7878471,-87.73169217550607,WEST ELSDON
ROWAN (WILLIAM),41.68552608186706,-87.5365812701494,EAST SIDE
WEST CHATHAM,41.74382110204081,-87.63158326530612,CHATHAM
ARCHER (WILLIAM BEATTY),41.803477900000004,-87.73513253268348,ARCHER HEIGHTS
CRAWFORD (PETER),41.860344155622634,-87.72755171705754,NORTH LAWNDALE
MOUNT GREENWOOD,41.691443811370156,-87.71392128729572,MOUNT GREENWOOD
BEVERLY,41.708281,-87.68348520408163,BEVERLY
CARVER (GEORGE WASHINGTON),41.65609026228907,-87.59893706940653,RIVERDALE
MERRIMAC,41.9523046,-87.78492398252675,DUNNING
WILDWOOD,42.0071932,-87.77879720887842,FOREST GLEN
LINDEN,41.901978092366875,-87.72617195229833,HUMBOLDT PARK
ABBOTT (ROBERT),41.72116225,-87.62212247979026,ROSELAND
KELLY (EDWARD),41.819381956445014,-87.69335220293799,BRIGHTON PARK
WILLIAMS (DANIEL HALE),41.84275275,-87.62754967481739,DOUGLAS
BOGAN (WILLIAM),41.7487926,-87.7206334806448,ASHBURN
SCOTTSDALE,41.74134157023074,-87.73537696380954,ASHBURN
STATEWAY,41.82776359813464,-87.62659464358549,DOUGLAS
ADDAMS (JANE),41.86297815,-87.65931818324921,NEAR WEST SIDE
LAKE MEADOWS,41.83828081706672,-87.6133852562727,DOUGLAS
DUNBAR (PAUL LAURENCE),41.838449,-87.621762,DOUGLAS
DURKIN (MARTIN),41.73943389662323,-87.72997541637073,ASHBURN
COLE (NAT KING),41.740057285714286,-87.61573328571428,CHATHAM
TAYLOR (ROBERT ROCHON),41.8079131,-87.7213364,ARCHER HEIGHTS
SMITH (WENDELL),41.713895699999995,-87.63121724450312,ROSELAND
LEGION,41.983152,-87.708713,NORTH PARK
RONAN (GEORGE),41.97254315,-87.7045561599081,ALBANY PARK
NICHOLS (JOHN FOUNTAIN),41.79812195796844,-87.59227330940158,HYDE PARK
"HOUSTON (JESSIE ""MA"")",41.803959,-87.606336,KENWOOD
AUSTIN FOSTER,41.97574755347739,-87.77911900526617,JEFFERSON PARK
WENTWORTH (JOHN) GARDENS,41.825832142857145,-87.63147599999999,ARMOUR SQUARE
COOPER (JACK),41.68134557625468,-87.6555965260676,WEST PULLMAN
GOLDEN GATE,41.659046880516684,-87.60936313646675,RIVERDALE
BROWN (SIDNEY) MEML.,41.738503095842034,-87.60889949542435,CHATHAM
SOUTH LAKEVIEW,41.933501,-87.661562,LAKE VIEW
"SENKA (EDWARD ""DUKE"")",41.79056328414362,-87.71093633987942,GAGE PARK
STOUT (FLORENCE),41.795809603977574,-87.59976950123354,HYDE PARK
COLEMAN (BESSIE),41.796561,-87.601836,HYDE PARK
UNITY,41.929413,-87.712339,LOGAN SQUARE
HASAN (ELLIOT),41.77131665,-87.56705496670307,SOUTH SHORE
WOOD (ELIZABETH),41.93517787003311,-87.683200012913,NORTH CENTER
JEFFERSON (NANCY),41.8864529,-87.7038233,EAST GARFIELD PARK
BARAGA (FREDERICK),41.848266965557144,-87.6807483822459,LOWER WEST SIDE
DOOLEY (THOMAS),41.75344288240081,-87.70945204176016,ASHBURN
HICKORY,41.9699528089637,-87.6577509755831,UPTOWN
ROBICHAUX (JOSEPH),41.7256697,-87.63449874636622,WASHINGTON HEIGHTS
ASPEN,41.81762784778684,-87.62457030064026,GRAND BOULEVARD
BIRCH,41.812820450000004,-87.61542713914216,GRAND BOULEVARD
POPLAR,41.821046780562455,-87.62002452271942,GRAND BOULEVARD
HARSH (VIVIAN G.),41.81388855173937,-87.5953490870608,KENWOOD
LE CLAIRE COURTS - HEARST COMM. CTR,41.81305858351697,-87.75276715601571,GARFIELD RIDGE
DUBKIN (LEONARD),42.0066203,-87.6699972,ROGERS PARK
MINUTEMAN,41.78439668861565,-87.76209160523393,CLEARING
HOLLY,41.82080239185023,-87.60322264033259,OAKLAND
FLYING SQUIRREL,41.77493,-87.596184,WOODLAWN
BARBERRY,41.87005993718936,-87.69716699972649,EAST GARFIELD PARK
MAGNOLIA,41.872849431637434,-87.707091428764,EAST GARFIELD PARK
"KING (MARTIN LUTHER, JR.)",41.75405097911273,-87.65404942643359,AUBURN GRESHAM
EDGEBROOK,41.999649149999996,-87.76065470381565,FOREST GLEN
HUCKLEBERRY,41.782234,-87.594795,WOODLAWN
PENDLETON (HADIYA),41.81575448392238,-87.61821668968402,GRAND BOULEVARD
BOSWELL (ARNITA YOUNG),41.774172315240136,-87.59860296067149,WOODLAWN
ASTER,41.96643038822897,-87.65608842701889,UPTOWN
DOGWOOD,41.87116114540255,-87.69426644192681,EAST GARFIELD PARK
GINKGO,41.860923,-87.71178837589281,NORTH LAWNDALE
GOOSEBERRY,41.96621790646028,-87.66264692101002,UPTOWN
HONEYSUCKLE,41.81079669200797,-87.6101370072323,GRAND BOULEVARD
REYES (GUADALUPE),41.856810513513516,-87.64737991891892,LOWER WEST SIDE
HORNBEAM,41.861817470325605,-87.72027445908795,NORTH LAWNDALE
RAILROAD JUNCTION,41.761229502254125,-87.60432250437648,GREATER GRAND CROSSING
LIN (MARGARET HIE DING),41.85855591210122,-87.62702860456277,NEAR SOUTH SIDE
VIOLET,41.8691346722586,-87.72831621092345,WEST GARFIELD PARK
BROOKS (GWENDOLYN),41.81289182349113,-87.59944203798939,KENWOOD
BURNSIDE (AMBROSE),41.7778885,-87.5993157,WOODLAWN
GILL (JOSEPH),41.952355100000005,-87.6505975,LAKE VIEW
BAULER (MATHIAS),41.916387,-87.641631,LINCOLN PARK
DEJULIO (ANTHONY),41.991905757895246,-87.75250048640008,FOREST GLEN
CORNELL (PAUL),41.79596257383649,-87.58532014481868,HYDE PARK
DOUGHERTY (DANIEL),41.72553475051864,-87.56213584578735,CALUMET HEIGHTS
STARS & STRIPES,41.79885,-87.796803,GARFIELD RIDGE
VALLEY FORGE,41.784514099999996,-87.79617720715976,CLEARING
CATALPA,41.81453571997866,-87.72761239442546,ARCHER HEIGHTS
"BLACKWELDER (I.S., GERTRUDE)",41.684811,-87.666466,MORGAN PARK
PRIVET,41.915234202301335,-87.65337773939508,LINCOLN PARK
WHITE (EDWARD),41.67231804698729,-87.65000972655179,WEST PULLMAN
GRAPE,41.9327741579643,-87.69875555083969,AVONDALE
PARK NO. 382,41.74661798277591,-87.64403254278642,AUBURN GRESHAM
GOLDBERG (LOUIS),42.00943570254527,-87.6663424553029,ROGERS PARK
BUTTERCUP,41.97188697008351,-87.65478108004672,UPTOWN
JACKSON (MAHALIA),41.74188,-87.639221,AUBURN GRESHAM
HOARD (EDISON),41.763774123879564,-87.59931746832845,GREATER GRAND CROSSING
PARK NO. 399,41.90709984400133,-87.68847609281464,WEST TOWN
WASHINGTON (DINAH),41.745943725574385,-87.57698311647488,SOUTH CHICAGO
SNOWBERRY,41.89407022045612,-87.67344284876711,WEST TOWN
D'ELIA (AILEEN),41.997110385554116,-87.66310134257515,EDGEWATER
EDMONDS (MOLLY),41.784141222222225,-87.64278633333333,ENGLEWOOD
JUNIPER,41.948177014367765,-87.66657746189011,LAKE VIEW
WALSH (JOHN),41.91313991097387,-87.66787163740976,WEST TOWN
MALUS,41.795740190840064,-87.63435902168665,FULLER PARK
LELAND GIANTS,41.75646171428571,-87.64064408163266,ENGLEWOOD
SNAPPING TURTLE,41.89103968404002,-87.70406484811544,HUMBOLDT PARK
THE GROVE,41.74102016252583,-87.64851263762633,AUBURN GRESHAM
SHEIL (BERNARD) COMM. CTR.,41.94546126978372,-87.6638629644676,LAKE VIEW
CLAREMONT,41.873127666665056,-87.68464166677865,NEAR WEST SIDE
VOGLE (HENRY JR.),41.968801,-87.681782,LINCOLN SQUARE
WOLCOTT (ALEXANDER),41.774815503257585,-87.67126407400778,WEST ENGLEWOOD
PACKINGTOWN,41.80578985632819,-87.66257274689987,NEW CITY
DEBOW (RUSSELL),41.74961764453699,-87.59636859480571,AVALON PARK
ORR (REZIN),41.89459555086164,-87.72616937958055,HUMBOLDT PARK
CURIE (MARIE),41.803057484897025,-87.72204431758134,ARCHER HEIGHTS
CHURCHILL FIELD,41.91528033456048,-87.67745482797677,LOGAN SQUARE
PARK NO. 414,41.902633199215956,-87.73389450926621,HUMBOLDT PARK
JUNCTION GROVE,41.77801164120005,-87.63412118307927,ENGLEWOOD
COTTONWOOD,41.88312998503651,-87.7516883140211,AUSTIN
HAZELNUT,41.892748809496936,-87.77361785705826,AUSTIN
PARK NO. 419,41.74903,-87.622837,CHATHAM
COCHRAN (JOHN),41.9827700905864,-87.66143023535854,EDGEWATER
PARK NO. 421,41.797717,-87.645355,NEW CITY
PARK NO. 422,41.874983,-87.706122,EAST GARFIELD PARK
OZ,41.91897985,-87.64699529590348,LINCOLN PARK
SPIKINGS FARM,41.96668522813206,-87.7280936405344,ALBANY PARK
NOETHLING (GRACE),41.930004763661,-87.6536582513316,LINCOLN PARK
BRIGHTON,41.829825,-87.698296,BRIGHTON PARK
ASHMORE,41.968847775502574,-87.74835665376304,FOREST GLEN
LUNA,41.792868370008684,-87.64644648434135,ENGLEWOOD
WARREN (LAURENCE),42.002185600000004,-87.68892884663245,WEST RIDGE
SWEET CLOVER,41.892175751549146,-87.75438706736728,AUSTIN
FLOWER (LUCY),41.91490453505925,-87.6911120929475,LOGAN SQUARE
PARK NO. 432,41.89634873142532,-87.71069485689874,HUMBOLDT PARK
NEIGHBORS' GARDEN,41.92731596312992,-87.70227813611737,LOGAN SQUARE
ESSEX,41.75507807654361,-87.59039160151819,SOUTH SHORE
BROMANN (CHARLES),41.980093,-87.660082,EDGEWATER
PERIWINKLE,41.77464,-87.628581,GREATER GRAND CROSSING
PARK NO. 437,41.8217751,-87.6604665,NEW CITY
SOUTH SHORE CULTL. CTR.,41.768261949999996,-87.56378975024555,SOUTH SHORE
DREXEL (FRANCIS),41.76768111441446,-87.67349540551605,WEST ENGLEWOOD
MCINERNEY (THOMAS),41.813311285714285,-87.64455442857144,NEW CITY
LAMB (HAROLD),41.695892,-87.657219,MORGAN PARK
MARTIN (JOHNNY),41.9385561,-87.6947249,AVONDALE
METCALFE (RALPH),41.81869882794041,-87.6264401125123,GRAND BOULEVARD
WIEBOLDT (WILLIAM),41.93683232821316,-87.67211712247236,LAKE VIEW
LAZARUS (EMMA),42.004420852524966,-87.66272785924289,ROGERS PARK
SUN YAT-SEN,41.848292,-87.634865,ARMOUR SQUARE
PETERSON (PEHR SAMUEL),41.98575785,-87.7281849702,NORTH PARK
MIAMI,41.84160984969765,-87.71116282177843,SOUTH LAWNDALE
SENIOR CITIZENS MEML.,41.92282935073656,-87.68524606416896,LOGAN SQUARE
ROOSEVELT (THEODORE),41.86754204592891,-87.62929523801432,LOOP
PARK NO. 468,41.79134482234178,-87.73693966420807,WEST ELSDON
GRANDPARENTS',41.97805418725394,-87.83895789240107,OHARE
PARK NO. 474,41.86302783432793,-87.70696608809347,NORTH LAWNDALE
STEELWORKERS,41.7364113,-87.6229804,CHATHAM
CLARK (RICHARD),42.0176244,-87.694916,WEST RIDGE
ASHE (ARTHUR) BEACH,41.762328,-87.558698,SOUTH SHORE
BROADWAY ARMORY,41.989055050000005,-87.65962727400225,EDGEWATER
QUINN (MARY),41.995650341861044,-87.77094762125836,FOREST GLEN
DEARBORN (HENRY),41.86972367086707,-87.62995687978803,LOOP
RIVER ESPLANADE,41.8888661,-87.6179009,NEAR NORTH SIDE
OGDEN (WILLIAM) PLAZA,41.88911004336712,-87.62028295848485,NEAR NORTH SIDE
DUSABLE (JEAN BAPTISTE POINTE),41.9837014,-87.6527002,EDGEWATER
JONES (MARY RICHARDSON),41.866625059238196,-87.62860734190477,NEAR SOUTH SIDE
COTTON TAIL,41.86200502647611,-87.62945182181309,NEAR SOUTH SIDE
TOM (PING) MEML.,41.857846,-87.63578,NEAR WEST SIDE
BRONCHO BILLY,41.96240193980581,-87.66086839793223,UPTOWN
NASH (DON) COMM. CTR.,41.7658869,-87.57995429415611,SOUTH SHORE
"MADIGAN (MICHAEL J., SR.)",41.771053,-87.741626,WEST LAWN
KENNICOTT (JONATHAN),41.81424005,-87.59732218608136,KENWOOD
WINNEMAC,41.97245,-87.68406,LINCOLN SQUARE
CHALLENGER,41.954534,-87.656818,UPTOWN
RIDGE PARK WETLANDS,41.72076300343017,-87.66752641028573,BEVERLY
ARMSTRONG (LILLIAN HARDIN),41.81386053316272,-87.61145417061569,GRAND BOULEVARD
KELLY (JOHN),41.951209,-87.65692,LAKE VIEW
WASHINGTON (HAROLD),41.8008811,-87.585048058448,HYDE PARK
PARSONS (LUCY),41.938776,-87.74459,BELMONT CRAGIN
"BOLER (LEO ROSCOE, SR.)",41.869855,-87.715694,NORTH LAWNDALE
STARR (ELLEN GATES),41.88395837328399,-87.68559680148027,NEAR WEST SIDE
"BENIAC (JOHN ""BEANS"") GREENWAY",41.7054768,-87.614341,ROSELAND
CANAL ORIGINS,41.7936602,-87.6645005,WEST ENGLEWOOD
PARK NO. 500,41.87195162486382,-87.72303847640995,WEST GARFIELD PARK
SCHAFER (CLARA D.),41.7320249,-87.541562,SOUTH CHICAGO
COLISEUM,41.86300688180114,-87.62583838538364,NEAR SOUTH SIDE
RENAISSANCE,41.7510847,-87.6258358,GREATER GRAND CROSSING
LIVINGSTON FIELD,41.872243549508305,-87.67985725586777,NEAR WEST SIDE
WARD (A. MONTGOMERY),41.89335016583472,-87.64121581461724,NEAR NORTH SIDE
PARK NO. 512,41.91445,-87.667917,LOGAN SQUARE
MANDRAKE (HENRY BROWN),41.825102,-87.603786,OAKLAND
NOTTINGHAM,41.777233,-87.799699,CLEARING
WASHINGTON (HAROLD) MEM.,42.02141305861111,-87.67318546178761,ROGERS PARK
WEBSTER (DANIEL),41.864009,-87.622452,NEAR SOUTH SIDE
PARK NO. 514,41.90692094702347,-87.71801935543206,HUMBOLDT PARK
HOMAN SQUARE COMMUNITY CENTER,41.8692223,-87.7134121,NORTH LAWNDALE
CANALPORT RIVERWALK,41.7936602,-87.6645005,WEST ENGLEWOOD
PARK NO. 517,41.9896218282973,-87.65548074225183,EDGEWATER
TRIANGLE,42.02261766381452,-87.67376966491678,ROGERS PARK
PARK NO. 519,41.853902,-87.71251082278482,NORTH LAWNDALE
HONORï¿½ (BERTHA PALMER),41.898575782608695,-87.67357165217392,WEST TOWN
WARNER GARDEN,41.957162766218175,-87.66537303725181,LAKE VIEW
WANG (CHI CHE),41.93318659183674,-87.67124628571429,LAKE VIEW
HARRIS (HARRIET),41.78174455,-87.60487367376206,WOODLAWN
STONE (BERNARD L.),41.9913157,-87.71010261800001,NORTH PARK
PARK NO. 527,41.8784131,-87.6322475,LOOP
PARK NO. 528,41.77781279458678,-87.73505514782673,WEST LAWN
PARK NO. 529,41.912576666666666,-87.682076,WEST TOWN
DALEY (RICHARD J.),41.8371195,-87.6847155,LOWER WEST SIDE
PALMISANO (HENRY),41.84256513369703,-87.64649961699021,BRIDGEPORT
"WILLIAMS-DAVIS (HATTIE KAY,IZORA)",41.81992725,-87.60090550000001,OAKLAND
NORTH PARK NATURE CENTER,41.98575785,-87.7281849702,NORTH PARK
PARK NO. 534,41.863984,-87.713022,NORTH LAWNDALE
PARK NO. 535,41.916093,-87.648995,LINCOLN PARK
PARK NO. 536,41.90755907688598,-87.662852,WEST TOWN
HERITAGE GREEN,41.8793571,-87.6364421,LOOP
PARK NO. 538,41.8908799,-87.7064093,HUMBOLDT PARK
PALMER SQUARE,41.92211011337308,-87.70759967341237,LOGAN SQUARE
PARK NO. 540,41.8060465,-87.6281257,GRAND BOULEVARD
PRITZKER,41.773128,-87.6250442,GREATER GRAND CROSSING
BARTELME (MARY),41.8801625970085,-87.65070354636248,NEAR WEST SIDE
KING (PATRICK)-LOCKHART (ANTHONY),41.70062714462397,-87.6813278031152,BEVERLY
PARK NO. 543,41.873685,-87.62991120313401,LOOP
KLEIN (LOIS),41.9958947,-87.7164357,NORTH PARK
PARK NO. 546,41.88543208974359,-87.6164375,LOOP
BATTLE OF FORT DEARBORN,41.857854,-87.619487,NEAR SOUTH SIDE
MAJOR TAYLOR BIKE TRAIL,41.91523877027232,-87.72027588424793,LOGAN SQUARE
LOGAN SQUARE SKATE PARK,41.928834307692306,-87.69096946153846,LOGAN SQUARE
CHICAGO WOMEN'S PARK AND GARDENS,41.85770755,-87.62204977108205,NEAR SOUTH SIDE
PARK NO. 551,41.888342550000004,-87.64361960902735,NEAR WEST SIDE
PARK NO. 552,41.93871,-87.749503,BELMONT CRAGIN
LA VILLITA,41.84085,-87.700142,SOUTH LAWNDALE
DE BURGOS (JULIA),41.914052282755534,-87.70506286704082,LOGAN SQUARE
SAUGANASH TRAIL,41.9972253,-87.7459206,FOREST GLEN
PARK NO. 556,41.9275751,-87.6882592848732,LOGAN SQUARE
NORTH BOUNDARY,42.01215673049939,-87.70894358449017,WEST RIDGE
PARK NO. 559,41.99395525,-87.655395,EDGEWATER
WHITE (JESSE),41.896942499999994,-87.63928297029531,NEAR NORTH SIDE
ANDERSON (FRED),41.85978902918162,-87.62554400633411,NEAR SOUTH SIDE
BYRNES (MARIAN),41.7200464,-87.6153169,ROSELAND
HEGEWISCH MARSH,41.659066,-87.559396,HEGEWISCH
BIG MARSH,41.6855198,-87.57327608475862,SOUTH DEERING
PARK NO. 566,41.652658,-87.559409,HEGEWISCH
PARK NO. 567,41.912868,-87.681147,WEST TOWN
PARK NO. 568,41.983294,-87.689343,LINCOLN SQUARE
PARK NO. 569,41.88034817730483,-87.66093888085886,NEAR WEST SIDE
DONAHUE (MARGARET),41.94171689902409,-87.66042337124155,LAKE VIEW
PARK NO. 571,41.84417591351283,-87.66082182356325,BRIDGEPORT
PARK NO. 573,41.685621,-87.605415,PULLMAN
PARK NO. 574,41.877587,-87.690168,NEAR WEST SIDE
PARK NO. 576,41.6518611,-87.5626928,HEGEWISCH
TREBES,41.9228214293965,-87.65727485261945,LINCOLN PARK
MORGAN PARK SPORTS CENTER,41.68398865,-87.6804262156503,MORGAN PARK
PARK NO. 578,41.884006163265305,-87.6760588367347,NEAR WEST SIDE
PARK NO. 580,41.95443289580293,-87.79665560381972,DUNNING
PARK NO. 581,41.68288900087089,-87.67897341631587,MORGAN PARK
RAINBOW BEACH,41.761323612244894,-87.5557826632653,SOUTH SHORE
CLARENDON COMM. CTR.,41.963723,-87.6492697648395,UPTOWN
BEILFUSS (ALBERT W.),41.91257439178054,-87.72386025429638,HUMBOLDT PARK
SHERWOOD (JESSE),41.790608750000004,-87.63365930984787,ENGLEWOOD
BRADLEY (JOSEPHINE),41.718053749999996,-87.56434748996283,SOUTH DEERING
BLOCK (EUGENE H.),41.705313,-87.63202507407406,ROSELAND
COMMERCIAL CLUB PGD. of CHICAGO,41.89666055,-87.67416929382364,WEST TOWN
HERMITAGE,41.787423,-87.669156,WEST ENGLEWOOD
KENWOOD COMM.,41.80512535,-87.5942130819552,KENWOOD
LAWLER (MICHAEL),41.77608343898666,-87.75250762637803,CLEARING
O'HALLAREN (BERNARD),41.8744743,-87.6727145,NEAR WEST SIDE
LEONE (SAM) BEACH,42.01292680509777,-87.66261839497699,ROGERS PARK
SMITH (JOSEPH HIGGINS),41.8919423,-87.68995222507655,WEST TOWN
STROHACKER (HOWARD),41.7948198,-87.73238142061712,WEST ELSDON
WILSON (JOHN) COMM. CTR.,41.83540841996174,-87.65584199508092,BRIDGEPORT
ADAMS (GEORGE & ADELE),41.9166048,-87.6552327,LINCOLN PARK
ANDERSON (LOUIS),41.827108553668495,-87.62057394903475,DOUGLAS
AUGUSTA (CARPENTER),41.89874933048322,-87.73770410644758,HUMBOLDT PARK
BARRETT (JOHN),41.85224751597643,-87.67648435344563,LOWER WEST SIDE
BOSLEY (WILLIAM),41.839244750000006,-87.65376080000001,BRIDGEPORT
FOSCO (PETER),41.86477592307693,-87.65870353846154,NEAR WEST SIDE
"TAYLOR-LAURIDSEN (JOHN, EMIL)",41.818887628105294,-87.64250666617276,NEW CITY
CLARK (JOHN),41.876731899999996,-87.74096706801876,AUSTIN
DEAN (JOHN),41.90693417446116,-87.67064528637022,WEST TOWN
MICEK (FRANK),41.79688379591837,-87.67790289795919,NEW CITY
DONOVAN (GEORGE),41.82813065,-87.6478986,BRIDGEPORT
GROSS (THEODORE),41.968687149999994,-87.69666819915436,LINCOLN SQUARE
HAAS (JOSEPH),41.92512875,-87.69534514471823,LOGAN SQUARE
HARDING (GEORGE),41.80540028038753,-87.61816242546575,GRAND BOULEVARD
HORAN (ALBERT),41.87551135,-87.70283626330678,EAST GARFIELD PARK
HOYNE (THOMAS),41.83188283132628,-87.6788819642151,MCKINLEY PARK
DURSO (JOHN),41.89882913956142,-87.63956762215696,NEAR NORTH SIDE
INDIAN ROAD,41.99256,-87.778995,NORWOOD PARK
KEDVALE,41.90631524186588,-87.73030340886362,HUMBOLDT PARK
DEGEORGE (BERNICE),41.91133096892455,-87.74947421443747,AUSTIN
KELLS (GEORGE),41.895457,-87.707941,HUMBOLDT PARK
KENSINGTON,41.67984338912907,-87.61633354354672,WEST PULLMAN
KEN-WELL,41.9346537869996,-87.73374983120573,HERMOSA
WHITE (WILLYE B.),42.02057064882776,-87.67061463260715,ROGERS PARK
LOWE (SAMUEL),41.79967204103777,-87.64153864333132,NEW CITY
MAPLEWOOD,41.9110634,-87.69125277570028,WEST TOWN
MARSHFIELD,41.7358518374051,-87.66453718825312,AUBURN GRESHAM
GARIBALDI (GIUSEPPI),41.871735780455595,-87.66471678830602,NEAR WEST SIDE
MEMORIAL,41.76174363912384,-87.62777876556031,GREATER GRAND CROSSING
MEYERING (WILLIAM),41.7070309,-87.6137613,ROSELAND
MOORE (MAURICE),41.87841701464414,-87.75281953636703,AUSTIN
MORAN (TERRANCE),41.78998447804756,-87.65465681323784,ENGLEWOOD
MUNROE,41.7025498,-87.68702640000001,BEVERLY
MURRAY (DAVID),41.76114658287225,-87.66764271277532,WEST ENGLEWOOD
NORMANDY,41.7978440826501,-87.78840735896519,GARFIELD RIDGE
LITTLE VENICE,41.80198095918367,-87.68151418367347,GAGE PARK
PARK-VIEW,41.940882,-87.723406,AVONDALE
PASCHEN (CHRISTIAN),42.008981350359804,-87.67879774548199,ROGERS PARK
PIETROWSKI (SYLVESTER),41.72039953164517,-87.5378159706194,EAST SIDE
MCKIERNAN (DAVID),41.698556412151945,-87.70239181416561,MOUNT GREENWOOD
SCHREIBER,41.99911855,-87.67006980349518,ROGERS PARK
"KUCINSKI-MURPHY (VICKI, ROSEBETH)",41.83315948979592,-87.66674395918366,MCKINLEY PARK
BACK OF THE YARDS,41.80441877590844,-87.657674948365,NEW CITY
DOBSON,41.757841496252404,-87.59917580032119,GREATER GRAND CROSSING
TILTON (GEORGE),41.88422235204453,-87.7393237735237,WEST GARFIELD PARK
"TOUHY-HERBERT (JOHN, VICTOR)",41.87883515,-87.67939148755855,NEAR WEST SIDE
LIMAS (JULIANN HOPE),41.84777752976457,-87.71133566208417,SOUTH LAWNDALE
VETERANS' MEMORIAL,41.71766235,-87.55583659999999,SOUTH DEERING
WAGNER (CLARENCE),41.801614773012574,-87.64896956424634,NEW CITY
WALLACE,41.726913,-87.639274,WASHINGTON HEIGHTS
WASHTENAW,41.84585545,-87.6926401568384,SOUTH LAWNDALE
WILSON (JOHN),41.8317134,-87.65450459643242,BRIDGEPORT
WOLFE (RICHARD),41.6989681,-87.54317015682872,EAST SIDE
WOODHULL (ROSS),41.76103005,-87.58438850648926,SOUTH SHORE
WRIGHTWOOD,41.92806111651604,-87.6657260040178,LINCOLN PARK
LANGDON (MARY MARGARET),42.00174897477241,-87.67391515579587,ROGERS PARK
ANDERSONVILLE,41.97722908784168,-87.66953164704549,EDGEWATER
KRAUSE (FRANCIS VERNON),41.70350771512903,-87.536603,EAST SIDE
ELSTON (DANIEL),41.94394299501786,-87.70641478771068,AVONDALE
WESOLEK (MARLENE),41.651620388293715,-87.53734560077807,HEGEWISCH
BIXLER (RAY),41.79283574622701,-87.59313914555567,HYDE PARK
BUENA CIRCLE,41.95833909589838,-87.65530687607836,UPTOWN
CARMEN,41.97468102873558,-87.66119721889412,UPTOWN
CARPENTER (PHILO),41.78209849328965,-87.65081188181841,ENGLEWOOD
CENTRAL,41.894075083369486,-87.71616332758204,HUMBOLDT PARK
CHRISTIANA,41.8602377959844,-87.70903826534499,NORTH LAWNDALE
KORCZAK (JANUSZ),41.99331387199753,-87.68863552666781,WEST RIDGE
CLYBOURN (ARCHIBALD),41.91309251558657,-87.65239614670988,LINCOLN PARK
DAVIS (MARGARET),41.902101704975465,-87.7617757174664,AUSTIN
MERRYMAN (THERON),41.94980960968097,-87.67025965665849,LAKE VIEW
EMERALD,41.792317,-87.644001,ENGLEWOOD
FELLGER (CHARLES),41.93964979490129,-87.67877840789674,NORTH CENTER
GLADYS (GUNDERSON),41.87612870953688,-87.70927078037747,EAST GARFIELD PARK
GRAND,41.90139028504498,-87.71464241048278,HUMBOLDT PARK
HARDING (FREDERICK),41.90260319469077,-87.72466257514823,HUMBOLDT PARK
ZATTERBERG (HELEN),41.95876417739682,-87.67244007383937,LAKE VIEW
HOMAN (JOSEPH),41.852306376827784,-87.71003471288724,SOUTH LAWNDALE
HUBBARD (GURDON),41.88873630010768,-87.7492765417033,AUSTIN
HANSBERRY (LORRAINE),41.79225211803121,-87.62067318135112,WASHINGTON PARK
JACKSON (ROBERT),41.815679577789794,-87.621273035654,GRAND BOULEVARD
MERRILL (GEORGE),41.72059344641609,-87.57284113790773,SOUTH DEERING
JEFFERSON (THOMAS),41.8593969545735,-87.64203159904584,LOWER WEST SIDE
KEELER (CYRUS),41.865015013052755,-87.7299204289831,NORTH LAWNDALE
KENMORE,41.93866824799139,-87.6551698260783,LAKE VIEW
KEYSTONE,41.91108815992161,-87.72748176993208,HUMBOLDT PARK
LANGLEY,41.689281,-87.60576,PULLMAN
THUIS (GRACE ZWIEFKA),41.968092,-87.752743,JEFFERSON PARK
LONDON (LOUIS),41.85726477516443,-87.71168531233873,NORTH LAWNDALE
HUMBERT (JAMES),41.83800489089353,-87.64280714604608,BRIDGEPORT
LUELLA,41.71267324566686,-87.56809088007763,SOUTH DEERING
"LUNT (ORRINGTON, STEPHEN)",42.00866409931333,-87.68686112457223,WEST RIDGE
MILLARD (ALDEN),41.86408043058483,-87.71646358535683,NORTH LAWNDALE
MILLER (SAMUEL),41.87092563487571,-87.65236643928912,NEAR WEST SIDE
MONTGOMERY (MABEL),41.773758778476044,-87.68977850039273,CHICAGO LAWN
MONTICELLO,41.91398963582065,-87.71800337985074,LOGAN SQUARE
MORGAN (THOMAS LEEDS) FIELD,41.6809516,-87.64745191093131,WEST PULLMAN
NELSON (ANDREW),41.93728465103952,-87.70200737187113,AVONDALE
WEISMAN (ALBERT),41.935324,-87.651693,LAKE VIEW
OAKLEY,41.77666618392492,-87.68089307152842,CHICAGO LAWN
OHIO & HARDING,41.89191886520047,-87.72487175202106,HUMBOLDT PARK
OHIO,41.89148703686157,-87.74399099020081,AUSTIN
BRYNFORD,41.9834544342128,-87.7285599710646,NORTH PARK
SUPERA (LOUIS),41.928085,-87.658649,LINCOLN PARK
WENDT (KENNETH),41.94357122302768,-87.64700849595123,LAKE VIEW
SACRAMENTO,41.945841363489805,-87.70301015908726,AVONDALE
SCHAEFER (EDWARD),41.92623714379416,-87.66929425788528,LINCOLN PARK
SAINT LOUIS,41.88760974613627,-87.71353018645645,EAST GARFIELD PARK
SUPERIOR,41.894866,-87.679634,WEST TOWN
SUMMERDALE,41.97742767788843,-87.80896710595225,NORWOOD PARK
TILL-MOBLEY (MAMIE),41.77834425375051,-87.6005179730074,WOODLAWN
CONNORS (WILLIAM),41.89861475,-87.62671277060988,NEAR NORTH SIDE
FILBERT,41.95335018726042,-87.67532338115458,NORTH CENTER
SINTIC (GREGORY),41.842384003540374,-87.64140144975947,BRIDGEPORT
THROOP (AMOS GAGER),41.857391,-87.65861607487003,LOWER WEST SIDE
ALGONQUIN,41.93469050631426,-87.69514177675862,AVONDALE
MCKEON (JOSEPH),41.829054,-87.642573,BRIDGEPORT
MASON (ELIZABETH),41.883415,-87.728365,WEST GARFIELD PARK
WESTERN,41.897828870096426,-87.68678430835128,WEST TOWN
PARK WEST,41.9290079108448,-87.64787002163042,LINCOLN PARK
ADAMS (JOHN C.),41.757467,-87.599168,GREATER GRAND CROSSING
ARCADE,41.69160526547182,-87.60849969202509,PULLMAN
AUBURN,41.75267436057171,-87.63457585602399,GREATER GRAND CROSSING
AUSTIN (HENRY),41.88771455,-87.77411675,AUSTIN
BARNARD (AMY L.),41.704020994990486,-87.67071712824938,BEVERLY
MID-NORTH,41.923686,-87.639482,LINCOLN PARK
BICKERDIKE (GEORGE) SQUARE,41.89255666250352,-87.66371366846654,WEST TOWN
LILY GARDENS,41.7653388125,-87.64109225,ENGLEWOOD
CHAMBERLAIN TRIANGLE,41.81728769775009,-87.59927431792306,OAKLAND
DIXON (LORRAINE),41.731991,-87.602143,BURNSIDE
DICKINSON (ARTHUR),41.95548649093922,-87.75218436776501,PORTAGE PARK
GREEN (JEFFREY),42.000203,-87.765656,FOREST GLEN
KINZIE (JOHN) PKWY.,41.887889,-87.755504,AUSTIN
ELLIS (SAMUEL),41.827595,-87.611445,OAKLAND
EUGENIE TRIANGLE,41.9127634,-87.6330828,LINCOLN PARK
FERNWOOD PKWY.,41.721388,-87.633852,WASHINGTON HEIGHTS
HODES (BARNET),41.762333125,-87.58565454166667,SOUTH SHORE
MAPLE,41.91882380492199,-87.710178,LOGAN SQUARE
"MELLIN (CURTIS, SR.)",41.983545,-87.670609,EDGEWATER
LEVIN (JOHN),41.88907180645161,-87.76344751612903,AUSTIN
MULBERRY POINT,41.98729815897335,-87.80393697677077,NORWOOD PARK
MYRTLE GROVE,41.99255343253022,-87.8055188633788,NORWOOD PARK
ADDAMS (JANE) MEML.,41.892584721600365,-87.61619443251136,NEAR NORTH SIDE
HARRIS (RYAN) MEMORIAL,41.770838,-87.640855,ENGLEWOOD
NORWOOD CIRCLE,41.989932,-87.80586471620695,NORWOOD PARK
FARGO (JAMES) BEACH,42.017276,-87.663688,ROGERS PARK
PULLMAN (GEORGE),41.6916137245715,-87.61000155533844,PULLMAN
CENTENNIAL,41.99201165205047,-87.79864449014428,NORWOOD PARK
MARIANO (LOUIS),41.9017887,-87.62777488167029,NEAR NORTH SIDE
SENECA,41.89682704355306,-87.62348513554308,NEAR NORTH SIDE
WASHINGTON SQUARE,41.899914,-87.631223,NEAR NORTH SIDE
HARTIGAN (DAVID) BEACH,42.00267117093398,-87.65815188929152,ROGERS PARK
DORIA (HELEN) BEACH,42.0049054,-87.65789021770662,ROGERS PARK
AIELLO (JOHN),41.918721382769284,-87.7766493790938,BELMONT CRAGIN
BERGER (ALBERT),41.99514186959401,-87.65543327291059,EDGEWATER
HOWARD (URE) BEACH,42.019369,-87.664057,ROGERS PARK
GRIFFIN (MARION MAHONY),42.0162073006348,-87.66374660155451,ROGERS PARK
JUNEWAY BEACH,42.021828103119816,-87.66533165821032,ROGERS PARK
NORTH SHORE BEACH,42.00380270056749,-87.65819924277262,ROGERS PARK
PRINZ (TOBEY) BEACH,42.00599835,-87.65780007485456,ROGERS PARK
ROGERS (PHILLIP) BEACH,42.02108838501987,-87.6650300732725,ROGERS PARK
LANE (GEORGE) BEACH,41.990173,-87.65628,EDGEWATER
LYLE (JOHN),41.754205,-87.639963,AUBURN GRESHAM
MIDWAY PLAISANCE,41.78548496530405,-87.59642914897402,WOODLAWN
JONQUIL,41.92907617811497,-87.65451889034978,LINCOLN PARK
BUTTERNUT,41.798720854335976,-87.5967346953518,HYDE PARK
SUMAC,41.818419,-87.610345,GRAND BOULEVARD
SYCAMORE,41.80211246197214,-87.5996920621076,HYDE PARK
CHESTNUT,41.767663592528514,-87.58938236736563,SOUTH SHORE
EVERGREEN,41.93994036113977,-87.64537085596363,LAKE VIEW
CLOVER,41.921835,-87.6633145,LINCOLN PARK
RUIZ (IRMA C.),41.81166496438037,-87.72082886737999,ARCHER HEIGHTS
CEDAR,41.97852856086716,-87.65776452448789,EDGEWATER
MULBERRY,41.8368801875,-87.6670055625,MCKINLEY PARK
LEE (JOHN),41.735073,-87.71431,ASHBURN
PINE,41.7224024485894,-87.56578754676615,SOUTH DEERING
JACOLIK (FLORIAN S.),41.84432469547754,-87.66055191781959,BRIDGEPORT
PARK NO. 584,41.67806363111373,-87.62648345315266,WEST PULLMAN
PARK NO. 588,41.70449706400153,-87.60403589237961,PULLMAN
PARK NO. 595,41.6614678,-87.6347604,WEST PULLMAN
PARK NO. 594,41.83637243478261,-87.64612773913043,BRIDGEPORT
PARK NO. 589,41.69334706682671,-87.62863730567972,ROSELAND
PARK NO. 565,41.68365348051948,-87.55947461038961,SOUTH DEERING
PARK NO. 572,41.9130622,-87.76313,AUSTIN
PARK NO. 582,41.72564351724138,-87.66653389655171,BEVERLY
PARK NO. 583,41.71165906354729,-87.55241468799208,SOUTH DEERING
PARK NO. 585,41.783591571524966,-87.6995019558255,CHICAGO LAWN
PARK NO. 586,41.76256051371675,-87.68696628345462,CHICAGO LAWN
PARK NO. 587,41.72208594497656,-87.60755971348793,ROSELAND
PARK NO. 590,41.8641477,-87.6223933,NEAR SOUTH SIDE
PARK NO. 592,41.81917119543487,-87.6135192545493,GRAND BOULEVARD
PARK NO. 593,41.96372546340595,-87.73165862762592,ALBANY PARK
PARK NO. 591,41.82473822404282,-87.60386549134364,OAKLAND
PARK NO. 596,41.80610071150762,-87.68446709927684,BRIGHTON PARK
PARK NO. 597,41.668845,-87.559364,SOUTH DEERING
PARK NO. 598,41.909604259165626,-87.64350058434098,NEAR NORTH SIDE
