,latitude,longitude,size,community_area_name
MCGUANE (JOHN),41.84121015,-87.64867008738815,0.008512537397312352,BRIDGEPORT
ARMOUR (PHILIP) SQUARE,41.834243799999996,-87.63503762572628,0.007479462470454058,ARMOUR SQUARE
FULLER (MELVILLE),41.81198345,-87.63492968508908,0.009347261938213855,FULLER PARK
CORNELL (PAUL) SQUARE,41.80316660802778,-87.67060650123534,0.0072728474850823985,NEW CITY
RUSSELL (MARTIN) SQUARE,41.7443631,-87.54989819394903,0.008305922411940694,SOUTH CHICAGO
SHERMAN (JOHN),41.79950920172033,-87.65767623376706,0.04767847402436404,NEW CITY
DAVIS (DR. NATHAN) SQUARE,41.81343839936837,-87.6664364816369,0.007363758078645928,NEW CITY
OGDEN (WILLIAM),41.77504785,-87.65526562532736,0.04714127506239772,WEST ENGLEWOOD
HAMILTON (ALEXANDER),41.762860200000006,-87.63766537217651,0.02391775070662325,ENGLEWOOD
CALUMET,41.71758375,-87.5301963176882,0.14982892279211227,EAST SIDE
WASHINGTON (GEORGE),41.7070309,-87.6137613,0.2896659448916511,ROSELAND
PARK NO. 326,41.7781036752039,-87.59312710402108,0.00018182118712705995,WOODLAWN
MARQUETTE (JACQUES),41.77066636761087,-87.70305809681578,0.26085555133142696,CHICAGO LAWN
BESSEMER (HENRY),41.7328665,-87.55641629145495,0.016752343013934114,SOUTH CHICAGO
PALMER (POTTER),41.692737,-87.618099,0.03176912015074629,ROSELAND
KOSCIUSZKO (THADEUZ),41.9309098,-87.72383806475555,0.007446404072794592,LOGAN SQUARE
GRAND CROSSING,41.75560135963334,-87.60154111843616,0.015611828294682557,GREATER GRAND CROSSING
TRUMBULL (LYMAN),41.705707149999995,-87.5644580537149,0.014909337344418915,SOUTH DEERING
MANN (JAMES),41.65908558390678,-87.549349376915,0.015587034496437956,HEGEWISCH
TULEY (MURRAY),41.7304748,-87.5898198,0.015454800905800096,CALUMET HEIGHTS
JACKSON (ANDREW),41.7788187,-87.58545600773346,0.45580918692870953,WOODLAWN
GAGE (GEORGE),41.79350015,-87.68497540121271,0.021901188449395856,GAGE PARK
MCKINLEY (WILLIAM),41.82374735,-87.6824576507787,0.0595794971817716,MCKINLEY PARK
GRANT (ULYSSES),41.8843538,-87.623393,0.24417758971222664,LOOP
FOSTER (J. FRANK),41.7409452,-87.6898001,0.02082679052546323,ASHBURN
BURNHAM (DANIEL),41.864890368331814,-87.61768413290784,0.5436701433081539,NEAR SOUTH SIDE
AVALON,41.74362195,-87.59427431655169,0.02290120497859469,AVALON PARK
RAINEY (EDWARD),41.7503231,-87.73100421776144,0.011818377163258897,ASHBURN
NORTHERLY ISLAND,41.86176623494266,-87.60998602729394,0.09748921469776359,NEAR SOUTH SIDE
GOMPERS (SAMUEL),41.975847099999996,-87.7344154037823,0.031603828162448964,NORTH PARK
BOHN (HENRY),41.692027,-87.670821,0.0013636589034529496,MORGAN PARK
CRESCENT,41.6967210902242,-87.67932374657332,0.004933965850675217,MORGAN PARK
KENNEDY (DENNIS),41.68713385,-87.68175317397669,0.015272979718673037,MORGAN PARK
NINEBARK,41.8424335,-87.72328,0.00020661498537165903,SOUTH LAWNDALE
FIELD (EUGENE),41.97400195,-87.72242842256321,0.014729397990049423,ALBANY PARK
KIWANIS,41.9735019,-87.7493726,0.001281012909304286,FOREST GLEN
ADA (SAWYER GARRETT),41.6882676,-87.65597842638662,0.013818410221656556,MORGAN PARK
PROSPECT GARDENS,41.69421374311107,-87.66911708728615,0.003041372584670821,MORGAN PARK
ALMOND,41.68432457779809,-87.67812461637247,0.0006115803567001108,MORGAN PARK
MONUMENT,42.002285,-87.818475,0.0013306005057934843,EDISON PARK
ORIOLE,41.97857205,-87.81481307485997,0.016091175060744804,NORWOOD PARK
OLYMPIA,41.9993527,-87.81515393130672,0.008057984429494703,EDISON PARK
AVONDALE,41.9412692,-87.71526209789735,0.0010826625233474935,AVONDALE
BROOKS (OSCAR),42.009283509343575,-87.80677600621084,0.007785252648804112,EDISON PARK
EDISON (THOMAS ALVA),42.00404685,-87.817587377627,0.000685961751433908,EDISON PARK
FERNWOOD,41.70409745,-87.63861436765706,0.010190251078530223,ROSELAND
EUCLID,41.71579577444787,-87.6371075661531,0.0053471958214185355,WASHINGTON HEIGHTS
FOREST GLEN,41.977935120774866,-87.75470584048165,0.00034711317542438717,FOREST GLEN
HOLLYWOOD,41.989159,-87.71190428767234,0.0059505115787037806,NORTH PARK
ATHLETIC FIELD,41.9467196,-87.71700694694292,0.003595100745466867,IRVING PARK
BEEHIVE,41.78290676511572,-87.59151115003918,0.00022314418420139176,WOODLAWN
JENSEN (CHRIST),41.964803,-87.720702,0.002314087836162581,ALBANY PARK
INDEPENDENCE,41.95295885,-87.7247681,0.007289376683912131,IRVING PARK
KILBOURN,41.944601500000005,-87.73857849896645,0.009983636093158565,IRVING PARK
KOLMAR,41.956176280321266,-87.74171880728835,0.0008512537397312352,IRVING PARK
MAYFAIR,41.9626943509231,-87.74198478918703,0.002479379824459908,IRVING PARK
NORTH MAYFAIR,41.97362510598551,-87.7420480274493,0.00027273178069058993,ALBANY PARK
ROSEDALE,41.98832677468183,-87.78722186858907,0.0025372320203639726,NORWOOD PARK
GLADSTONE (WILLIAM),41.97911487936753,-87.77314410030492,0.0014297756987718805,JEFFERSON PARK
RAVENSWOOD MANOR,41.96550441522798,-87.70022508375588,0.000685961751433908,ALBANY PARK
JEFFERSON (THOMAS) MEML.,41.9686701,-87.76286005007364,0.006578621134233624,JEFFERSON PARK
ROBERTS (DANIEL) SQUARE,41.97164747548936,-87.75846755920763,0.003743863534934462,JEFFERSON PARK
LINCOLN (ABRAHAM),41.925666,-87.6362966,1.0,LINCOLN PARK
CHASE (SALMON),41.9677345,-87.6689376081701,0.004074447511529116,UPTOWN
EMMERSON (LOUIS),41.99473665,-87.67636030335689,0.002214912643184185,WEST RIDGE
GOUDY (WILLIAM) SQUARE,41.90510644454724,-87.62702389024541,0.000504140564306848,NEAR NORTH SIDE
HAMLIN (HANNIBAL),41.93731535,-87.6798934585443,0.007504256268698656,NORTH CENTER
LAKE SHORE,41.89683511075421,-87.6229327695349,0.0059505115787037806,NEAR NORTH SIDE
LERNER (LEO),42.011187,-87.704579,0.007049703300881006,WEST RIDGE
SEWARD (WILLIAM),41.9026674,-87.63816697953244,0.007214995289178334,NEAR NORTH SIDE
STANTON (EDWIN),41.90509963357366,-87.64529755121998,0.005570340005619927,NEAR NORTH SIDE
WELLES (GIDEON),41.96281765,-87.68663407094152,0.013198565265541579,LINCOLN SQUARE
LOYOLA,42.010858400000004,-87.66167898206695,0.03350468602786823,ROGERS PARK
PRAIRIE WOLF,41.78016250459415,-87.60299179534758,0.00014049819005272816,WOODLAWN
"BELL (GEORGE,JR.)",41.93496945110849,-87.79570468274466,0.0036033653448817337,MONTCLARE
BLACKHAWK,41.922879249999994,-87.75187263489786,0.005686044397428056,BELMONT CRAGIN
RIIS (JACOB),41.924173499999995,-87.77856037456571,0.04751318203606671,BELMONT CRAGIN
SIMONS (ALMIRA),41.91109426570262,-87.71507404865365,0.0009752227309542306,HUMBOLDT PARK
HERMOSA,41.92204225,-87.7396089012054,0.004049653713284518,HERMOSA
KELVYN (WILLIAM),41.929196000000005,-87.73815458750099,0.00819848261954743,HERMOSA
RUTHERFORD SAYRE,41.9207484,-87.79697660373483,0.011132415411824989,MONTCLARE
MOZART (AMADEUS),41.918201643348645,-87.72302977632309,0.0040579183126993835,LOGAN SQUARE
AMUNDSEN (ROALD),41.91344555,-87.78023911469502,0.013653118233359228,AUSTIN
GALEWOOD,41.91250375,-87.76873667693182,0.0019008578654192629,AUSTIN
CRAGIN,41.9281122,-87.75849782467023,0.0027273178069058992,BELMONT CRAGIN
GREENEBAUM (HENRY),41.91221599286103,-87.73361863135976,0.00379345113142366,HUMBOLDT PARK
PLEASANT POINT,41.99854265178747,-87.7984293017025,0.0018595348683449313,NORWOOD PARK
NORWOOD,41.986551399999996,-87.79346372609689,0.013562207639795699,NORWOOD PARK
WILSON (FRANK),41.9644593,-87.75857956434638,0.007157143093274269,PORTAGE PARK
CHOPIN (FREDERIC),41.94319145,-87.76240576101922,0.007669548256995983,PORTAGE PARK
PORTAGE,41.955319700000004,-87.76369722581602,0.031645151159523294,PORTAGE PARK
SHABBONA,41.94531082913491,-87.8004173625282,0.015454800905800096,DUNNING
JACOB,41.96638004629569,-87.69778994346915,0.0007355493479231062,LINCOLN SQUARE
BUFFALO,41.963198,-87.698633,0.0001900857865419263,ALBANY PARK
SUNKEN GARDENS,41.96301695588235,-87.69490435294117,0.00026446718127572355,LINCOLN SQUARE
ELM,41.800732433313,-87.5965619713998,0.0004297591695730508,HYDE PARK
INDIAN BOUNDARY,42.0089718,-87.69257514906371,0.010661333245177606,WEST RIDGE
POTTAWATTOMIE,42.01516175,-87.67812214549019,0.007810046447048711,ROGERS PARK
CHIPPEWA,42.004444050000004,-87.7049395315436,0.0027025240086613,WEST RIDGE
MATANKY (EUGENE),42.00814199888569,-87.68140985722772,0.0004297591695730508,ROGERS PARK
RIDGE,41.7187453,-87.6678158,0.008115836625398767,BEVERLY
COSME (MARGARET),41.728425,-87.674776,0.003405014958924941,BEVERLY
BRAINERD,41.72715495,-87.65490771885257,0.00765301905816625,WASHINGTON HEIGHTS
HURLEY (TIMOTHY),41.711957,-87.669059,0.0012727483098894197,BEVERLY
GRAVER (PHILIP),41.707198829862456,-87.66045453922935,0.004264533298071043,BEVERLY
REVERE (PAUL),41.95364205,-87.69204427348836,0.007843104844708177,NORTH CENTER
RIVER,41.974001900000005,-87.70196239079411,0.02446321426800443,LINCOLN SQUARE
BRANDS,41.94134665,-87.70028374683204,0.004727350865303559,AVONDALE
GREEN BRIAR,41.99096285,-87.69637183389287,0.003388485760095208,WEST RIDGE
CALIFORNIA,41.95112814222381,-87.69804930785487,0.012239871733417082,IRVING PARK
SAUGANASH,41.98750517300221,-87.73819307557092,0.0038430387279128585,FOREST GLEN
LA FOLLETTE (ROBERT),41.904968499999995,-87.75505620078619,0.01553744689994876,AUSTIN
AUSTIN TOWN HALL,41.888470850000004,-87.7658057062049,0.00306616638291542,AUSTIN
ECKHART (BERNARD),41.8966275,-87.66141890335714,0.0073141704821567295,WEST TOWN
FRANKLIN (BENJAMIN),41.861141,-87.73304866980165,0.007686077455825717,NORTH LAWNDALE
HOLSTEIN,41.92173775,-87.68509607267177,0.0027107886080761662,LOGAN SQUARE
GARFIELD (JAMES),41.882688200000004,-87.71609648970485,0.1453743037074993,EAST GARFIELD PARK
SHERIDAN (PHILIP HENRY),41.8704908,-87.65468732441602,0.003669482140200665,NEAR WEST SIDE
ALTGELD (JOHN),41.8743665,-87.69329646245762,0.003570306947222268,EAST GARFIELD PARK
COLUMBUS (CHRISTOPHER),41.873861899999994,-87.76615444706053,0.1163077075654143,AUSTIN
UNION,41.88489938692088,-87.66474016245968,0.011768789566769699,NEAR WEST SIDE
SKINNER (MARK),41.88019447361273,-87.6603356357391,0.004834790657696821,NEAR WEST SIDE
DOUGLAS (STEPHEN),41.8623929,-87.69969015636636,0.13677085571662342,NORTH LAWNDALE
MATHER (STEPHEN TYNG),41.987923300000006,-87.70124409738932,0.012289459329906278,WEST RIDGE
SHEDD (JOHN G.),41.8499165345611,-87.71650304616149,0.0011239855204218253,SOUTH LAWNDALE
HARRISON (CARTER),41.856805449999996,-87.67203620752008,0.015355625712821699,LOWER WEST SIDE
"WICKER (CHARLES, JOEL)",41.907479830702826,-87.67727203580365,0.0039174201226466554,WEST TOWN
ARRIGO (VICTOR),41.872288872103034,-87.65977877500409,0.005843071786310518,NEAR WEST SIDE
SPRUCE,41.79798330268998,-87.59020621755253,0.0010661333245177607,HYDE PARK
DVORAK (ANTON),41.8549913,-87.6539415758752,0.0052397560290252726,LOWER WEST SIDE
PULASKI (CASIMER),41.906721399999995,-87.66356261359127,0.003454602555414139,WEST TOWN
HUMBOLDT (BARON VON),41.9070848,-87.7029827260903,0.1742590786624572,WEST TOWN
WEST PULLMAN,41.67056773010352,-87.6305401799584,0.013372121853253772,WEST PULLMAN
HALE (NATHAN),41.780538,-87.77699853482582,0.014413461379526935,CLEARING
SENN (NICHOLAS),41.988725416579705,-87.66857128182171,0.005000082645994148,EDGEWATER
HORNER (HENRY),41.96055695,-87.69772255000001,0.04799252880212896,IRVING PARK
HIAWATHA,41.94227004362243,-87.82761079131042,0.01160349757847237,DUNNING
PIOTROWSKI (LILLIAN),41.836907,-87.729379,0.0197771863997752,SOUTH LAWNDALE
MOCCASIN RANCH,41.77785850109285,-87.59469960430539,0.00016529198829732722,WOODLAWN
ROSENBLUM (J. LESLIE),41.75896,-87.575979,0.008810062976247542,SOUTH SHORE
ECKERSALL (WALTER HERBERT),41.746369282373855,-87.56534373822875,0.002438056827385577,SOUTH CHICAGO
VITTUM (HARRIET ELIZABETH),41.80213620340402,-87.74993742724607,0.011000181821187126,GARFIELD RIDGE
EHRLER (WILLIAM),41.91620310198187,-87.68326052318842,0.0008099307426569034,LOGAN SQUARE
OAKDALE,41.7205783,-87.64754920070733,0.008256334815451495,WASHINGTON HEIGHTS
ROBINSON (JACKIE),41.70264504125948,-87.64767588456691,0.010181986479115357,WASHINGTON HEIGHTS
OWENS (JESSE),41.73535,-87.573088,0.015223392122183838,CALUMET HEIGHTS
WENTWORTH (JOHN),41.7895478,-87.7788976,0.013190300666126713,GARFIELD RIDGE
DAWES (CHARLES),41.74728831016944,-87.67316918361378,0.013686176631018693,AUBURN GRESHAM
ROGERS (PHILLIP),42.01497051020408,-87.69719110204082,0.01862840708110878,WEST RIDGE
HAYES (FRANCIS),41.73898815,-87.6968110374172,0.0170498685928693,ASHBURN
LINDBLOM (ROBERT),41.78326695,-87.67460265335257,0.014595282566653994,WEST ENGLEWOOD
GATELY (JAMES),41.7085283,-87.60316929999999,0.023058232367477147,PULLMAN
DUNHAM (ROBERT),41.9659971421743,-87.78207914360604,0.012297723929321146,PORTAGE PARK
WEST LAWN,41.77486903606575,-87.72854091606648,0.013620059835699763,WEST LAWN
TOUHY (PATRICK),42.015265600000006,-87.67297849570652,0.005520752409130729,ROGERS PARK
PASTEUR (LOUIS),41.7878471,-87.73169217550607,0.009777021107786905,WEST ELSDON
ROWAN (WILLIAM),41.68552608186706,-87.5365812701494,0.015405213309310897,EAST SIDE
WEST CHATHAM,41.74382110204081,-87.63158326530612,0.011595232979057504,CHATHAM
ARCHER (WILLIAM BEATTY),41.803477900000004,-87.73513253268348,0.011644820575546702,ARCHER HEIGHTS
CRAWFORD (PETER),41.860344155622634,-87.72755171705754,0.00013223359063786177,NORTH LAWNDALE
MOUNT GREENWOOD,41.691443811370156,-87.71392128729572,0.04349658672044166,MOUNT GREENWOOD
BEVERLY,41.708281,-87.68348520408163,0.011553909981983173,BEVERLY
CARVER (GEORGE WASHINGTON),41.65609026228907,-87.59893706940653,0.015504388502289294,RIVERDALE
MERRIMAC,41.9523046,-87.78492398252675,0.007810046447048711,DUNNING
WILDWOOD,42.0071932,-87.77879720887842,0.00785963404353791,FOREST GLEN
LINDEN,41.901978092366875,-87.72617195229833,0.0004380237689879172,HUMBOLDT PARK
ABBOTT (ROBERT),41.72116225,-87.62212247979026,0.020661498537165902,ROSELAND
KELLY (EDWARD),41.819381956445014,-87.69335220293799,0.006016628374022712,BRIGHTON PARK
WILLIAMS (DANIEL HALE),41.84275275,-87.62754967481739,0.005578604605034794,DOUGLAS
BOGAN (WILLIAM),41.7487926,-87.7206334806448,0.011620026777302105,ASHBURN
SCOTTSDALE,41.74134157023074,-87.73537696380954,0.0020496206548868577,ASHBURN
STATEWAY,41.82776359813464,-87.62659464358549,0.003272781368287079,DOUGLAS
ADDAMS (JANE),41.86297815,-87.65931818324921,0.007628225259921652,NEAR WEST SIDE
LAKE MEADOWS,41.83828081706672,-87.6133852562727,0.00658688573364849,DOUGLAS
DUNBAR (PAUL LAURENCE),41.838449,-87.621762,0.0181077373179722,DOUGLAS
DURKIN (MARTIN),41.73943389662323,-87.72997541637073,0.008008396833005504,ASHBURN
COLE (NAT KING),41.740057285714286,-87.61573328571428,0.0048843782541860194,CHATHAM
TAYLOR (ROBERT ROCHON),41.8079131,-87.7213364,0.008008396833005504,ARCHER HEIGHTS
SMITH (WENDELL),41.713895699999995,-87.63121724450312,0.003809980330253393,ROSELAND
LEGION,41.983152,-87.708713,0.04003371956561265,NORTH PARK
RONAN (GEORGE),41.97254315,-87.7045561599081,0.009892725499595035,ALBANY PARK
NICHOLS (JOHN FOUNTAIN),41.79812195796844,-87.59227330940158,0.009479495528851717,HYDE PARK
"HOUSTON (JESSIE ""MA"")",41.803959,-87.606336,0.003272781368287079,KENWOOD
AUSTIN FOSTER,41.97574755347739,-87.77911900526617,0.004107505909188581,JEFFERSON PARK
WENTWORTH (JOHN) GARDENS,41.825832142857145,-87.63147599999999,0.002090943651961189,ARMOUR SQUARE
COOPER (JACK),41.68134557625468,-87.6555965260676,0.0038017157308385258,WEST PULLMAN
GOLDEN GATE,41.659046880516684,-87.60936313646675,0.005297608224929338,RIVERDALE
BROWN (SIDNEY) MEML.,41.738503095842034,-87.60889949542435,0.005537281607960462,CHATHAM
SOUTH LAKEVIEW,41.933501,-87.661562,0.0006611679531893089,LAKE VIEW
"SENKA (EDWARD ""DUKE"")",41.79056328414362,-87.71093633987942,0.015562240698193357,GAGE PARK
STOUT (FLORENCE),41.795809603977574,-87.59976950123354,0.0023223524355774476,HYDE PARK
COLEMAN (BESSIE),41.796561,-87.601836,0.0004710821666473826,HYDE PARK
UNITY,41.929413,-87.712339,0.001190102315740756,LOGAN SQUARE
HASAN (ELLIOT),41.77131665,-87.56705496670307,0.0002892609795203226,SOUTH SHORE
WOOD (ELIZABETH),41.93517787003311,-87.683200012913,0.0005371989619663135,NORTH CENTER
JEFFERSON (NANCY),41.8864529,-87.7038233,0.0005206697631365808,EAST GARFIELD PARK
BARAGA (FREDERICK),41.848266965557144,-87.6807483822459,0.0004380237689879172,LOWER WEST SIDE
DOOLEY (THOMAS),41.75344288240081,-87.70945204176016,0.0011405147192515579,ASHBURN
HICKORY,41.9699528089637,-87.6577509755831,0.00020661498537165903,UPTOWN
ROBICHAUX (JOSEPH),41.7256697,-87.63449874636622,0.01067786244400734,WASHINGTON HEIGHTS
ASPEN,41.81762784778684,-87.62457030064026,0.00017355658771219358,GRAND BOULEVARD
BIRCH,41.812820450000004,-87.61542713914216,0.00013223359063786177,GRAND BOULEVARD
POPLAR,41.821046780562455,-87.62002452271942,0.00019835038595679267,GRAND BOULEVARD
HARSH (VIVIAN G.),41.81388855173937,-87.5953490870608,0.0002562025818608572,KENWOOD
LE CLAIRE COURTS - HEARST COMM. CTR,41.81305858351697,-87.75276715601571,0.01038033686507215,GARFIELD RIDGE
DUBKIN (LEONARD),42.0066203,-87.6699972,0.000297525578935189,ROGERS PARK
MINUTEMAN,41.78439668861565,-87.76209160523393,0.007413345675135127,CLEARING
HOLLY,41.82080239185023,-87.60322264033259,0.0003801715730838526,OAKLAND
FLYING SQUIRREL,41.77493,-87.596184,0.00027273178069058993,WOODLAWN
BARBERRY,41.87005993718936,-87.69716699972649,0.00039670077191358534,EAST GARFIELD PARK
MAGNOLIA,41.872849431637434,-87.707091428764,0.00019835038595679267,EAST GARFIELD PARK
"KING (MARTIN LUTHER, JR.)",41.75405097911273,-87.65404942643359,0.005652985999768591,AUBURN GRESHAM
EDGEBROOK,41.999649149999996,-87.76065470381565,0.006281095555298434,FOREST GLEN
HUCKLEBERRY,41.782234,-87.594795,0.0002479379824459908,WOODLAWN
PENDLETON (HADIYA),41.81575448392238,-87.61821668968402,0.0001900857865419263,GRAND BOULEVARD
BOSWELL (ARNITA YOUNG),41.774172315240136,-87.59860296067149,0.00027273178069058993,WOODLAWN
ASTER,41.96643038822897,-87.65608842701889,0.0001487627894675945,UPTOWN
DOGWOOD,41.87116114540255,-87.69426644192681,0.00013223359063786177,EAST GARFIELD PARK
GINKGO,41.860923,-87.71178837589281,0.0001487627894675945,NORTH LAWNDALE
GOOSEBERRY,41.96621790646028,-87.66264692101002,0.00017355658771219358,UPTOWN
HONEYSUCKLE,41.81079669200797,-87.6101370072323,0.00020661498537165903,GRAND BOULEVARD
REYES (GUADALUPE),41.856810513513516,-87.64737991891892,0.0005867865584555116,LOWER WEST SIDE
HORNBEAM,41.861817470325605,-87.72027445908795,0.0002892609795203226,NORTH LAWNDALE
RAILROAD JUNCTION,41.761229502254125,-87.60432250437648,0.00020661498537165903,GREATER GRAND CROSSING
LIN (MARGARET HIE DING),41.85855591210122,-87.62702860456277,0.00042149457015818446,NEAR SOUTH SIDE
VIOLET,41.8691346722586,-87.72831621092345,0.0004876113654771153,WEST GARFIELD PARK
BROOKS (GWENDOLYN),41.81289182349113,-87.59944203798939,0.0021157374502057884,KENWOOD
BURNSIDE (AMBROSE),41.7778885,-87.5993157,0.004537265078761632,WOODLAWN
GILL (JOSEPH),41.952355100000005,-87.6505975,0.0020000330583976596,LAKE VIEW
BAULER (MATHIAS),41.916387,-87.641631,0.0006942263508487743,LINCOLN PARK
DEJULIO (ANTHONY),41.991905757895246,-87.75250048640008,0.0005537281607960463,FOREST GLEN
CORNELL (PAUL),41.79596257383649,-87.58532014481868,0.00019835038595679267,HYDE PARK
DOUGHERTY (DANIEL),41.72553475051864,-87.56213584578735,0.0026033488156829037,CALUMET HEIGHTS
STARS & STRIPES,41.79885,-87.796803,0.0016198614853138067,GARFIELD RIDGE
VALLEY FORGE,41.784514099999996,-87.79617720715976,0.006876146713168813,CLEARING
CATALPA,41.81453571997866,-87.72761239442546,0.0004049653713284517,ARCHER HEIGHTS
"BLACKWELDER (I.S., GERTRUDE)",41.684811,-87.666466,0.004281062496900775,MORGAN PARK
PRIVET,41.915234202301335,-87.65337773939508,0.0001239689912229954,LINCOLN PARK
WHITE (EDWARD),41.67231804698729,-87.65000972655179,0.004545529678176499,WEST PULLMAN
GRAPE,41.9327741579643,-87.69875555083969,0.00013223359063786177,AVONDALE
PARK NO. 382,41.74661798277591,-87.64403254278642,0.0006363741549447098,AUBURN GRESHAM
GOLDBERG (LOUIS),42.00943570254527,-87.6663424553029,0.00022314418420139176,ROGERS PARK
BUTTERCUP,41.97188697008351,-87.65478108004672,0.001528950891750277,UPTOWN
JACKSON (MAHALIA),41.74188,-87.639221,0.0049504950495049506,AUBURN GRESHAM
HOARD (EDISON),41.763774123879564,-87.59931746832845,0.0022479710408436506,GREATER GRAND CROSSING
PARK NO. 399,41.90709984400133,-87.68847609281464,0.00014049819005272816,WEST TOWN
WASHINGTON (DINAH),41.745943725574385,-87.57698311647488,0.00039670077191358534,SOUTH CHICAGO
SNOWBERRY,41.89407022045612,-87.67344284876711,0.00018182118712705995,WEST TOWN
D'ELIA (AILEEN),41.997110385554116,-87.66310134257515,6.611679531893089e-05,EDGEWATER
EDMONDS (MOLLY),41.784141222222225,-87.64278633333333,0.0004297591695730508,ENGLEWOOD
JUNIPER,41.948177014367765,-87.66657746189011,0.0003057901783500554,LAKE VIEW
WALSH (JOHN),41.91313991097387,-87.66787163740976,0.0018016826724408669,WEST TOWN
MALUS,41.795740190840064,-87.63435902168665,0.000504140564306848,FULLER PARK
LELAND GIANTS,41.75646171428571,-87.64064408163266,0.0017190366782922032,ENGLEWOOD
SNAPPING TURTLE,41.89103968404002,-87.70406484811544,0.00013223359063786177,HUMBOLDT PARK
THE GROVE,41.74102016252583,-87.64851263762633,0.00026446718127572355,AUBURN GRESHAM
SHEIL (BERNARD) COMM. CTR.,41.94546126978372,-87.6638629644676,0.00038843617249871896,LAKE VIEW
CLAREMONT,41.873127666665056,-87.68464166677865,0.0008595183391461016,NEAR WEST SIDE
VOGLE (HENRY JR.),41.968801,-87.681782,0.0002479379824459908,LINCOLN SQUARE
WOLCOTT (ALEXANDER),41.774815503257585,-87.67126407400778,0.00019835038595679267,WEST ENGLEWOOD
PACKINGTOWN,41.80578985632819,-87.66257274689987,0.00018182118712705995,NEW CITY
DEBOW (RUSSELL),41.74961764453699,-87.59636859480571,0.0005702573596257789,AVALON PARK
ORR (REZIN),41.89459555086164,-87.72616937958055,0.005752161192746987,HUMBOLDT PARK
CURIE (MARIE),41.803057484897025,-87.72204431758134,0.0074629332716243234,ARCHER HEIGHTS
CHURCHILL FIELD,41.91528033456048,-87.67745482797677,0.0010248103274434288,LOGAN SQUARE
PARK NO. 414,41.902633199215956,-87.73389450926621,0.0002479379824459908,HUMBOLDT PARK
JUNCTION GROVE,41.77801164120005,-87.63412118307927,0.00020661498537165903,ENGLEWOOD
COTTONWOOD,41.88312998503651,-87.7516883140211,0.00020661498537165903,AUSTIN
HAZELNUT,41.892748809496936,-87.77361785705826,0.00023967338303112446,AUSTIN
PARK NO. 419,41.74903,-87.622837,0.00019835038595679267,CHATHAM
COCHRAN (JOHN),41.9827700905864,-87.66143023535854,0.0003140547777649217,EDGEWATER
PARK NO. 421,41.797717,-87.645355,0.0008264599414866361,NEW CITY
PARK NO. 422,41.874983,-87.706122,0.000710755549678507,EAST GARFIELD PARK
OZ,41.91897985,-87.64699529590348,0.011901023157407561,LINCOLN PARK
SPIKINGS FARM,41.96668522813206,-87.7280936405344,0.0001239689912229954,ALBANY PARK
NOETHLING (GRACE),41.930004763661,-87.6536582513316,0.0004793467660622489,LINCOLN PARK
BRIGHTON,41.829825,-87.698296,0.0007768723449974379,BRIGHTON PARK
ASHMORE,41.968847775502574,-87.74835665376304,0.00013223359063786177,FOREST GLEN
LUNA,41.792868370008684,-87.64644648434135,0.0001900857865419263,ENGLEWOOD
WARREN (LAURENCE),42.002185600000004,-87.68892884663245,0.07407560455544719,WEST RIDGE
SWEET CLOVER,41.892175751549146,-87.75438706736728,0.0001900857865419263,AUSTIN
FLOWER (LUCY),41.91490453505925,-87.6911120929475,0.0003057901783500554,LOGAN SQUARE
PARK NO. 432,41.89634873142532,-87.71069485689874,6.611679531893089e-05,HUMBOLDT PARK
NEIGHBORS' GARDEN,41.92731596312992,-87.70227813611737,0.00013223359063786177,LOGAN SQUARE
ESSEX,41.75507807654361,-87.59039160151819,0.0004049653713284517,SOUTH SHORE
BROMANN (CHARLES),41.980093,-87.660082,0.0002562025818608572,EDGEWATER
PERIWINKLE,41.77464,-87.628581,0.000619844956114977,GREATER GRAND CROSSING
PARK NO. 437,41.8217751,-87.6604665,0.0002479379824459908,NEW CITY
SOUTH SHORE CULTL. CTR.,41.768261949999996,-87.56378975024555,0.05933155919932561,SOUTH SHORE
DREXEL (FRANCIS),41.76768111441446,-87.67349540551605,0.0002562025818608572,WEST ENGLEWOOD
MCINERNEY (THOMAS),41.813311285714285,-87.64455442857144,0.001190102315740756,NEW CITY
LAMB (HAROLD),41.695892,-87.657219,0.000801666143242037,MORGAN PARK
MARTIN (JOHNNY),41.9385561,-87.6947249,0.0001239689912229954,AVONDALE
METCALFE (RALPH),41.81869882794041,-87.6264401125123,0.005562075406205061,GRAND BOULEVARD
WIEBOLDT (WILLIAM),41.93683232821316,-87.67211712247236,0.00027273178069058993,LAKE VIEW
LAZARUS (EMMA),42.004420852524966,-87.66272785924289,0.0001487627894675945,ROGERS PARK
SUN YAT-SEN,41.848292,-87.634865,0.0003719069736689863,ARMOUR SQUARE
PETERSON (PEHR SAMUEL),41.98575785,-87.7281849702,0.018380469098662786,NORTH PARK
MIAMI,41.84160984969765,-87.71116282177843,0.00018182118712705995,SOUTH LAWNDALE
SENIOR CITIZENS MEML.,41.92282935073656,-87.68524606416896,0.0009091059356352998,LOGAN SQUARE
ROOSEVELT (THEODORE),41.86754204592891,-87.62929523801432,0.0014710986958462124,LOOP
PARK NO. 468,41.79134482234178,-87.73693966420807,0.0011322501198366916,WEST ELSDON
GRANDPARENTS',41.97805418725394,-87.83895789240107,0.0014793632952610786,OHARE
PARK NO. 474,41.86302783432793,-87.70696608809347,8.26459941486636e-06,NORTH LAWNDALE
STEELWORKERS,41.7364113,-87.6229804,0.013983702209953885,CHATHAM
CLARK (RICHARD),42.0176244,-87.694916,0.016479611233243527,WEST RIDGE
ASHE (ARTHUR) BEACH,41.762328,-87.558698,0.0019339162630787284,SOUTH SHORE
BROADWAY ARMORY,41.989055050000005,-87.65962727400225,0.0017273012777070695,EDGEWATER
QUINN (MARY),41.995650341861044,-87.77094762125836,0.0007355493479231062,FOREST GLEN
DEARBORN (HENRY),41.86972367086707,-87.62995687978803,0.0012066315145704888,LOOP
RIVER ESPLANADE,41.8888661,-87.6179009,0.0009256351344650326,NEAR NORTH SIDE
OGDEN (WILLIAM) PLAZA,41.88911004336712,-87.62028295848485,0.0011405147192515579,NEAR NORTH SIDE
DUSABLE (JEAN BAPTISTE POINTE),41.9837014,-87.6527002,0.002834757599299162,EDGEWATER
JONES (MARY RICHARDSON),41.866625059238196,-87.62860734190477,0.001074397923932627,NEAR SOUTH SIDE
COTTON TAIL,41.86200502647611,-87.62945182181309,0.001966974660738194,NEAR SOUTH SIDE
TOM (PING) MEML.,41.857846,-87.63578,0.014487842774260733,NEAR WEST SIDE
BRONCHO BILLY,41.96240193980581,-87.66086839793223,0.00042149457015818446,UPTOWN
NASH (DON) COMM. CTR.,41.7658869,-87.57995429415611,0.0009421643332947652,SOUTH SHORE
"MADIGAN (MICHAEL J., SR.)",41.771053,-87.741626,0.010537364253954611,WEST LAWN
KENNICOTT (JONATHAN),41.81424005,-87.59732218608136,0.0023884692308963787,KENWOOD
WINNEMAC,41.97245,-87.68406,0.01878543446999124,LINCOLN SQUARE
CHALLENGER,41.954534,-87.656818,0.00242979222797071,UPTOWN
RIDGE PARK WETLANDS,41.72076300343017,-87.66752641028573,0.0010000165291988298,BEVERLY
ARMSTRONG (LILLIAN HARDIN),41.81386053316272,-87.61145417061569,0.007677812856410849,GRAND BOULEVARD
KELLY (JOHN),41.951209,-87.65692,0.0011487793186664241,LAKE VIEW
WASHINGTON (HAROLD),41.8008811,-87.585048058448,0.020992082513760557,HYDE PARK
PARSONS (LUCY),41.938776,-87.74459,0.00027273178069058993,BELMONT CRAGIN
"BOLER (LEO ROSCOE, SR.)",41.869855,-87.715694,0.0014958924940908114,NORTH LAWNDALE
STARR (ELLEN GATES),41.88395837328399,-87.68559680148027,0.0017603596753665348,NEAR WEST SIDE
"BENIAC (JOHN ""BEANS"") GREENWAY",41.7054768,-87.614341,0.0063472123506173655,ROSELAND
CANAL ORIGINS,41.7936602,-87.6645005,0.002008297657812526,WEST ENGLEWOOD
PARK NO. 500,41.87195162486382,-87.72303847640995,0.001099191722177226,WEST GARFIELD PARK
SCHAFER (CLARA D.),41.7320249,-87.541562,0.012785335294798262,SOUTH CHICAGO
COLISEUM,41.86300688180114,-87.62583838538364,0.000619844956114977,NEAR SOUTH SIDE
RENAISSANCE,41.7510847,-87.6258358,0.0010578687251028942,GREATER GRAND CROSSING
LIVINGSTON FIELD,41.872243549508305,-87.67985725586777,0.0021735896461098528,NEAR WEST SIDE
WARD (A. MONTGOMERY),41.89335016583472,-87.64121581461724,0.0024132630291409775,NEAR NORTH SIDE
PARK NO. 512,41.91445,-87.667917,0.002859551397543761,LOGAN SQUARE
MANDRAKE (HENRY BROWN),41.825102,-87.603786,0.008272864014281227,OAKLAND
NOTTINGHAM,41.777233,-87.799699,0.0005289343625514471,CLEARING
WASHINGTON (HAROLD) MEM.,42.02141305861111,-87.67318546178761,0.00017355658771219358,ROGERS PARK
WEBSTER (DANIEL),41.864009,-87.622452,0.0010826625233474935,NEAR SOUTH SIDE
PARK NO. 514,41.90692094702347,-87.71801935543206,0.0005785219590406452,HUMBOLDT PARK
HOMAN SQUARE COMMUNITY CENTER,41.8692223,-87.7134121,0.004512471280517033,NORTH LAWNDALE
CANALPORT RIVERWALK,41.7936602,-87.6645005,0.004297591695730508,WEST ENGLEWOOD
PARK NO. 517,41.9896218282973,-87.65548074225183,0.0005371989619663135,EDGEWATER
TRIANGLE,42.02261766381452,-87.67376966491678,0.0018099472718557331,ROGERS PARK
PARK NO. 519,41.853902,-87.71251082278482,6.611679531893089e-05,NORTH LAWNDALE
HONORï¿½ (BERTHA PALMER),41.898575782608695,-87.67357165217392,0.00013223359063786177,WEST TOWN
WARNER GARDEN,41.957162766218175,-87.66537303725181,0.00013223359063786177,LAKE VIEW
WANG (CHI CHE),41.93318659183674,-87.67124628571429,0.0016281260847286732,LAKE VIEW
HARRIS (HARRIET),41.78174455,-87.60487367376206,0.0019587100613233277,WOODLAWN
STONE (BERNARD L.),41.9913157,-87.71010261800001,0.00622324335939437,NORTH PARK
PARK NO. 527,41.8784131,-87.6322475,0.004752144663548158,LOOP
PARK NO. 528,41.77781279458678,-87.73505514782673,0.004776938461792757,WEST LAWN
PARK NO. 529,41.912576666666666,-87.682076,0.0004462883684027835,WEST TOWN
DALEY (RICHARD J.),41.8371195,-87.6847155,0.0022066480437693183,LOWER WEST SIDE
PALMISANO (HENRY),41.84256513369703,-87.64649961699021,0.02235574141721351,BRIDGEPORT
"WILLIAMS-DAVIS (HATTIE KAY,IZORA)",41.81992725,-87.60090550000001,0.0023884692308963787,OAKLAND
NORTH PARK NATURE CENTER,41.98575785,-87.7281849702,0.04802558719978842,NORTH PARK
PARK NO. 534,41.863984,-87.713022,0.0030165787864262217,NORTH LAWNDALE
PARK NO. 535,41.916093,-87.648995,0.00011570439180812907,LINCOLN PARK
PARK NO. 536,41.90755907688598,-87.662852,0.00026446718127572355,WEST TOWN
HERITAGE GREEN,41.8793571,-87.6364421,0.0009173705350501662,LOOP
PARK NO. 538,41.8908799,-87.7064093,0.027000446288368403,HUMBOLDT PARK
PALMER SQUARE,41.92211011337308,-87.70759967341237,0.006686060926626886,LOGAN SQUARE
PARK NO. 540,41.8060465,-87.6281257,0.004140564306848047,GRAND BOULEVARD
PRITZKER,41.773128,-87.6250442,0.0009091059356352998,GREATER GRAND CROSSING
BARTELME (MARY),41.8801625970085,-87.65070354636248,0.002239706441428784,NEAR WEST SIDE
KING (PATRICK)-LOCKHART (ANTHONY),41.70062714462397,-87.6813278031152,0.0004628175672325163,BEVERLY
PARK NO. 543,41.873685,-87.62991120313401,0.00033058397659465444,LOOP
KLEIN (LOIS),41.9958947,-87.7164357,0.0003140547777649217,NORTH PARK
PARK NO. 546,41.88543208974359,-87.6164375,0.004818261458867088,LOOP
BATTLE OF FORT DEARBORN,41.857854,-87.619487,0.0003801715730838526,NEAR SOUTH SIDE
MAJOR TAYLOR BIKE TRAIL,41.91523877027232,-87.72027588424793,0.028331046794161888,LOGAN SQUARE
LOGAN SQUARE SKATE PARK,41.928834307692306,-87.69096946153846,0.0013306005057934843,LOGAN SQUARE
CHICAGO WOMEN'S PARK AND GARDENS,41.85770755,-87.62204977108205,0.0025289674209491068,NEAR SOUTH SIDE
PARK NO. 551,41.888342550000004,-87.64361960902735,0.0010826625233474935,NEAR WEST SIDE
PARK NO. 552,41.93871,-87.749503,0.0002562025818608572,BELMONT CRAGIN
LA VILLITA,41.84085,-87.700142,0.018818492867650704,SOUTH LAWNDALE
DE BURGOS (JULIA),41.914052282755534,-87.70506286704082,0.00042149457015818446,LOGAN SQUARE
SAUGANASH TRAIL,41.9972253,-87.7459206,0.009777021107786905,FOREST GLEN
PARK NO. 556,41.9275751,-87.6882592848732,0.0004710821666473826,LOGAN SQUARE
NORTH BOUNDARY,42.01215673049939,-87.70894358449017,0.001669449081803005,WEST RIDGE
PARK NO. 559,41.99395525,-87.655395,0.000504140564306848,EDGEWATER
WHITE (JESSE),41.896942499999994,-87.63928297029531,0.0013801881022826822,NEAR NORTH SIDE
ANDERSON (FRED),41.85978902918162,-87.62554400633411,0.000892576736805567,NEAR SOUTH SIDE
BYRNES (MARIAN),41.7200464,-87.6153169,0.11685317112679547,ROSELAND
HEGEWISCH MARSH,41.659066,-87.559396,0.10781169936693168,HEGEWISCH
BIG MARSH,41.6855198,-87.57327608475862,0.2440453561215888,SOUTH DEERING
PARK NO. 566,41.652658,-87.559409,0.058100133886510516,HEGEWISCH
PARK NO. 567,41.912868,-87.681147,0.00027273178069058993,WEST TOWN
PARK NO. 568,41.983294,-87.689343,0.019570571414403545,LINCOLN SQUARE
PARK NO. 569,41.88034817730483,-87.66093888085886,0.00033058397659465444,NEAR WEST SIDE
DONAHUE (MARGARET),41.94171689902409,-87.66042337124155,0.0004380237689879172,LAKE VIEW
PARK NO. 571,41.84417591351283,-87.66082182356325,0.0036446883419560656,BRIDGEPORT
PARK NO. 573,41.685621,-87.605415,0.0019504454619084612,PULLMAN
PARK NO. 574,41.877587,-87.690168,0.001826476470685466,NEAR WEST SIDE
PARK NO. 576,41.6518611,-87.5626928,0.11978710391907305,HEGEWISCH
TREBES,41.9228214293965,-87.65727485261945,0.001528950891750277,LINCOLN PARK
MORGAN PARK SPORTS CENTER,41.68398865,-87.6804262156503,0.0021735896461098528,MORGAN PARK
PARK NO. 578,41.884006163265305,-87.6760588367347,0.0014520901171920196,NEAR WEST SIDE
PARK NO. 580,41.95443289580293,-87.79665560381972,0.005801748789236185,DUNNING
PARK NO. 581,41.68288900087089,-87.67897341631587,0.006115803567001108,MORGAN PARK
RAINBOW BEACH,41.761323612244894,-87.5557826632653,0.0901915734144366,SOUTH SHORE
CLARENDON COMM. CTR.,41.963723,-87.6492697648395,0.010562158052199209,UPTOWN
BEILFUSS (ALBERT W.),41.91257439178054,-87.72386025429638,0.001049604125688028,HUMBOLDT PARK
SHERWOOD (JESSE),41.790608750000004,-87.63365930984787,0.005289343625514471,ENGLEWOOD
BRADLEY (JOSEPHINE),41.718053749999996,-87.56434748996283,0.0035041901519033375,SOUTH DEERING
BLOCK (EUGENE H.),41.705313,-87.63202507407406,0.002446321426800443,ROSELAND
COMMERCIAL CLUB PGD. of CHICAGO,41.89666055,-87.67416929382364,0.0012479545116448206,WEST TOWN
HERMITAGE,41.787423,-87.669156,0.0036033653448817337,WEST ENGLEWOOD
KENWOOD COMM.,41.80512535,-87.5942130819552,0.0058513363857253834,KENWOOD
LAWLER (MICHAEL),41.77608343898666,-87.75250762637803,0.0039835369179655866,CLEARING
O'HALLAREN (BERNARD),41.8744743,-87.6727145,0.007595166862262186,NEAR WEST SIDE
LEONE (SAM) BEACH,42.01292680509777,-87.66261839497699,0.002264500239673383,ROGERS PARK
SMITH (JOSEPH HIGGINS),41.8919423,-87.68995222507655,0.008702623183854279,WEST TOWN
STROHACKER (HOWARD),41.7948198,-87.73238142061712,0.003595100745466867,WEST ELSDON
WILSON (JOHN) COMM. CTR.,41.83540841996174,-87.65584199508092,0.00017355658771219358,BRIDGEPORT
ADAMS (GEORGE & ADELE),41.9166048,-87.6552327,0.0006446387543595762,LINCOLN PARK
ANDERSON (LOUIS),41.827108553668495,-87.62057394903475,0.0008181953420717697,DOUGLAS
AUGUSTA (CARPENTER),41.89874933048322,-87.73770410644758,0.000867782938560968,HUMBOLDT PARK
BARRETT (JOHN),41.85224751597643,-87.67648435344563,0.0005785219590406452,LOWER WEST SIDE
BOSLEY (WILLIAM),41.839244750000006,-87.65376080000001,0.0017768888741962676,BRIDGEPORT
FOSCO (PETER),41.86477592307693,-87.65870353846154,0.0031074893799897516,NEAR WEST SIDE
"TAYLOR-LAURIDSEN (JOHN, EMIL)",41.818887628105294,-87.64250666617276,0.004074447511529116,NEW CITY
CLARK (JOHN),41.876731899999996,-87.74096706801876,0.0018182118712705996,AUSTIN
DEAN (JOHN),41.90693417446116,-87.67064528637022,0.0005454635613811799,WEST TOWN
MICEK (FRANK),41.79688379591837,-87.67790289795919,0.0010413395262731616,NEW CITY
DONOVAN (GEORGE),41.82813065,-87.6478986,0.002677730210416701,BRIDGEPORT
GROSS (THEODORE),41.968687149999994,-87.69666819915436,0.001281012909304286,LINCOLN SQUARE
HAAS (JOSEPH),41.92512875,-87.69534514471823,0.0014710986958462124,LOGAN SQUARE
HARDING (GEORGE),41.80540028038753,-87.61816242546575,0.000619844956114977,GRAND BOULEVARD
HORAN (ALBERT),41.87551135,-87.70283626330678,0.0026612010115869686,EAST GARFIELD PARK
HOYNE (THOMAS),41.83188283132628,-87.6788819642151,0.001966974660738194,MCKINLEY PARK
DURSO (JOHN),41.89882913956142,-87.63956762215696,0.0012231607134002215,NEAR NORTH SIDE
INDIAN ROAD,41.99256,-87.778995,0.0028926097952032266,NORWOOD PARK
KEDVALE,41.90631524186588,-87.73030340886362,0.0013884527016975487,HUMBOLDT PARK
DEGEORGE (BERNICE),41.91133096892455,-87.74947421443747,0.0003057901783500554,AUSTIN
KELLS (GEORGE),41.895457,-87.707941,0.0015950676870692077,HUMBOLDT PARK
KENSINGTON,41.67984338912907,-87.61633354354672,0.004033124514454784,WEST PULLMAN
KEN-WELL,41.9346537869996,-87.73374983120573,0.00242979222797071,HERMOSA
WHITE (WILLYE B.),42.02057064882776,-87.67061463260715,0.0027355824063207655,ROGERS PARK
LOWE (SAMUEL),41.79967204103777,-87.64153864333132,0.003652952941370932,NEW CITY
MAPLEWOOD,41.9110634,-87.69125277570028,0.0010909271227623597,WEST TOWN
MARSHFIELD,41.7358518374051,-87.66453718825312,0.0007934015438271707,AUBURN GRESHAM
GARIBALDI (GIUSEPPI),41.871735780455595,-87.66471678830602,0.002107472850790922,NEAR WEST SIDE
MEMORIAL,41.76174363912384,-87.62777876556031,0.0024711152250450424,GREATER GRAND CROSSING
MEYERING (WILLIAM),41.7070309,-87.6137613,0.002562025818608572,ROSELAND
MOORE (MAURICE),41.87841701464414,-87.75281953636703,0.0030909601811600195,AUSTIN
MORAN (TERRANCE),41.78998447804756,-87.65465681323784,0.001603332286484074,ENGLEWOOD
MUNROE,41.7025498,-87.68702640000001,0.0047025570670589595,BEVERLY
MURRAY (DAVID),41.76114658287225,-87.66764271277532,0.0029008743946180924,WEST ENGLEWOOD
NORMANDY,41.7978440826501,-87.78840735896519,0.0023884692308963787,GARFIELD RIDGE
LITTLE VENICE,41.80198095918367,-87.68151418367347,0.0007934015438271707,GAGE PARK
PARK-VIEW,41.940882,-87.723406,0.0006529033537744426,AVONDALE
PASCHEN (CHRISTIAN),42.008981350359804,-87.67879774548199,0.0008264599414866361,ROGERS PARK
PIETROWSKI (SYLVESTER),41.72039953164517,-87.5378159706194,0.0005537281607960463,EAST SIDE
MCKIERNAN (DAVID),41.698556412151945,-87.70239181416561,0.0018016826724408669,MOUNT GREENWOOD
SCHREIBER,41.99911855,-87.67006980349518,0.0017768888741962676,ROGERS PARK
"KUCINSKI-MURPHY (VICKI, ROSEBETH)",41.83315948979592,-87.66674395918366,0.0006115803567001108,MCKINLEY PARK
BACK OF THE YARDS,41.80441877590844,-87.657674948365,0.0008843121373907008,NEW CITY
DOBSON,41.757841496252404,-87.59917580032119,0.0002809963801054563,GREATER GRAND CROSSING
TILTON (GEORGE),41.88422235204453,-87.7393237735237,0.0009421643332947652,WEST GARFIELD PARK
"TOUHY-HERBERT (JOHN, VICTOR)",41.87883515,-87.67939148755855,0.0026942594092464337,NEAR WEST SIDE
LIMAS (JULIANN HOPE),41.84777752976457,-87.71133566208417,0.0004049653713284517,SOUTH LAWNDALE
VETERANS' MEMORIAL,41.71766235,-87.55583659999999,0.00397527231855072,SOUTH DEERING
WAGNER (CLARENCE),41.801614773012574,-87.64896956424634,0.0008843121373907008,NEW CITY
WALLACE,41.726913,-87.639274,0.0008595183391461016,WASHINGTON HEIGHTS
WASHTENAW,41.84585545,-87.6926401568384,0.0008429891403163689,SOUTH LAWNDALE
WILSON (JOHN),41.8317134,-87.65450459643242,0.001281012909304286,BRIDGEPORT
WOLFE (RICHARD),41.6989681,-87.54317015682872,0.0036942759384452632,EAST SIDE
WOODHULL (ROSS),41.76103005,-87.58438850648926,0.0020330914560571247,SOUTH SHORE
WRIGHTWOOD,41.92806111651604,-87.6657260040178,0.0038347741284979913,LINCOLN PARK
LANGDON (MARY MARGARET),42.00174897477241,-87.67391515579587,0.0003636423742541199,ROGERS PARK
ANDERSONVILLE,41.97722908784168,-87.66953164704549,0.00019835038595679267,EDGEWATER
KRAUSE (FRANCIS VERNON),41.70350771512903,-87.536603,0.0001487627894675945,EAST SIDE
ELSTON (DANIEL),41.94394299501786,-87.70641478771068,0.0004297591695730508,AVONDALE
WESOLEK (MARLENE),41.651620388293715,-87.53734560077807,0.0003801715730838526,HEGEWISCH
BIXLER (RAY),41.79283574622701,-87.59313914555567,0.0008512537397312352,HYDE PARK
BUENA CIRCLE,41.95833909589838,-87.65530687607836,0.0003719069736689863,UPTOWN
CARMEN,41.97468102873558,-87.66119721889412,0.00013223359063786177,UPTOWN
CARPENTER (PHILO),41.78209849328965,-87.65081188181841,0.00023140878361625815,ENGLEWOOD
CENTRAL,41.894075083369486,-87.71616332758204,0.00019835038595679267,HUMBOLDT PARK
CHRISTIANA,41.8602377959844,-87.70903826534499,0.00013223359063786177,NORTH LAWNDALE
KORCZAK (JANUSZ),41.99331387199753,-87.68863552666781,0.00023140878361625815,WEST RIDGE
CLYBOURN (ARCHIBALD),41.91309251558657,-87.65239614670988,0.0004049653713284517,LINCOLN PARK
DAVIS (MARGARET),41.902101704975465,-87.7617757174664,0.00023967338303112446,AUSTIN
MERRYMAN (THERON),41.94980960968097,-87.67025965665849,0.00017355658771219358,LAKE VIEW
EMERALD,41.792317,-87.644001,0.00019835038595679267,ENGLEWOOD
FELLGER (CHARLES),41.93964979490129,-87.67877840789674,0.0006529033537744426,NORTH CENTER
GLADYS (GUNDERSON),41.87612870953688,-87.70927078037747,0.00034711317542438717,EAST GARFIELD PARK
GRAND,41.90139028504498,-87.71464241048278,0.0003223193771797881,HUMBOLDT PARK
HARDING (FREDERICK),41.90260319469077,-87.72466257514823,0.0003636423742541199,HUMBOLDT PARK
ZATTERBERG (HELEN),41.95876417739682,-87.67244007383937,0.00018182118712705995,LAKE VIEW
HOMAN (JOSEPH),41.852306376827784,-87.71003471288724,0.00016529198829732722,SOUTH LAWNDALE
HUBBARD (GURDON),41.88873630010768,-87.7492765417033,0.0005124051637217144,AUSTIN
HANSBERRY (LORRAINE),41.79225211803121,-87.62067318135112,0.000595051157870378,WASHINGTON PARK
JACKSON (ROBERT),41.815679577789794,-87.621273035654,0.00022314418420139176,GRAND BOULEVARD
MERRILL (GEORGE),41.72059344641609,-87.57284113790773,0.0026116134150977704,SOUTH DEERING
JEFFERSON (THOMAS),41.8593969545735,-87.64203159904584,0.0016363906841435395,LOWER WEST SIDE
KEELER (CYRUS),41.865015013052755,-87.7299204289831,5.785219590406454e-05,NORTH LAWNDALE
KENMORE,41.93866824799139,-87.6551698260783,0.00013223359063786177,LAKE VIEW
KEYSTONE,41.91108815992161,-87.72748176993208,0.0002148795847865254,HUMBOLDT PARK
LANGLEY,41.689281,-87.60576,0.000983487330369097,PULLMAN
THUIS (GRACE ZWIEFKA),41.968092,-87.752743,0.0007438139473379726,JEFFERSON PARK
LONDON (LOUIS),41.85726477516443,-87.71168531233873,0.0001487627894675945,NORTH LAWNDALE
HUMBERT (JAMES),41.83800489089353,-87.64280714604608,0.00034711317542438717,BRIDGEPORT
LUELLA,41.71267324566686,-87.56809088007763,0.0011405147192515579,SOUTH DEERING
"LUNT (ORRINGTON, STEPHEN)",42.00866409931333,-87.68686112457223,0.00016529198829732722,WEST RIDGE
MILLARD (ALDEN),41.86408043058483,-87.71646358535683,0.00013223359063786177,NORTH LAWNDALE
MILLER (SAMUEL),41.87092563487571,-87.65236643928912,0.0001074397923932627,NEAR WEST SIDE
MONTGOMERY (MABEL),41.773758778476044,-87.68977850039273,0.0003140547777649217,CHICAGO LAWN
MONTICELLO,41.91398963582065,-87.71800337985074,0.0003388485760095208,LOGAN SQUARE
MORGAN (THOMAS LEEDS) FIELD,41.6809516,-87.64745191093131,0.0026612010115869686,WEST PULLMAN
NELSON (ANDREW),41.93728465103952,-87.70200737187113,0.0001239689912229954,AVONDALE
WEISMAN (ALBERT),41.935324,-87.651693,0.00033058397659465444,LAKE VIEW
OAKLEY,41.77666618392492,-87.68089307152842,0.00039670077191358534,CHICAGO LAWN
OHIO & HARDING,41.89191886520047,-87.72487175202106,0.0004628175672325163,HUMBOLDT PARK
OHIO,41.89148703686157,-87.74399099020081,0.00039670077191358534,AUSTIN
BRYNFORD,41.9834544342128,-87.7285599710646,0.0001239689912229954,NORTH PARK
SUPERA (LOUIS),41.928085,-87.658649,0.00034711317542438717,LINCOLN PARK
WENDT (KENNETH),41.94357122302768,-87.64700849595123,0.00014049819005272816,LAKE VIEW
SACRAMENTO,41.945841363489805,-87.70301015908726,0.0007686077455825716,AVONDALE
SCHAEFER (EDWARD),41.92623714379416,-87.66929425788528,0.00020661498537165903,LINCOLN PARK
SAINT LOUIS,41.88760974613627,-87.71353018645645,0.0003719069736689863,EAST GARFIELD PARK
SUPERIOR,41.894866,-87.679634,0.0002809963801054563,WEST TOWN
SUMMERDALE,41.97742767788843,-87.80896710595225,0.00018182118712705995,NORWOOD PARK
TILL-MOBLEY (MAMIE),41.77834425375051,-87.6005179730074,0.0005454635613811799,WOODLAWN
CONNORS (WILLIAM),41.89861475,-87.62671277060988,0.00027273178069058993,NEAR NORTH SIDE
FILBERT,41.95335018726042,-87.67532338115458,9.917519297839634e-05,NORTH CENTER
SINTIC (GREGORY),41.842384003540374,-87.64140144975947,0.00016529198829732722,BRIDGEPORT
THROOP (AMOS GAGER),41.857391,-87.65861607487003,0.000595051157870378,LOWER WEST SIDE
ALGONQUIN,41.93469050631426,-87.69514177675862,0.00013223359063786177,AVONDALE
MCKEON (JOSEPH),41.829054,-87.642573,0.0004049653713284517,BRIDGEPORT
MASON (ELIZABETH),41.883415,-87.728365,0.0008099307426569034,WEST GARFIELD PARK
WESTERN,41.897828870096426,-87.68678430835128,0.00023140878361625815,WEST TOWN
PARK WEST,41.9290079108448,-87.64787002163042,0.00017355658771219358,LINCOLN PARK
ADAMS (JOHN C.),41.757467,-87.599168,0.0008347245409015025,GREATER GRAND CROSSING
ARCADE,41.69160526547182,-87.60849969202509,0.001008281128613696,PULLMAN
AUBURN,41.75267436057171,-87.63457585602399,0.00442982528636837,GREATER GRAND CROSSING
AUSTIN (HENRY),41.88771455,-87.77411675,0.0038595679267425906,AUSTIN
BARNARD (AMY L.),41.704020994990486,-87.67071712824938,0.001966974660738194,BEVERLY
MID-NORTH,41.923686,-87.639482,0.00011570439180812907,LINCOLN PARK
BICKERDIKE (GEORGE) SQUARE,41.89255666250352,-87.66371366846654,0.000595051157870378,WEST TOWN
LILY GARDENS,41.7653388125,-87.64109225,0.002330617034992314,ENGLEWOOD
CHAMBERLAIN TRIANGLE,41.81728769775009,-87.59927431792306,0.00016529198829732722,OAKLAND
DIXON (LORRAINE),41.731991,-87.602143,0.005553810806790195,BURNSIDE
DICKINSON (ARTHUR),41.95548649093922,-87.75218436776501,0.001008281128613696,PORTAGE PARK
GREEN (JEFFREY),42.000203,-87.765656,0.0011157209210069588,FOREST GLEN
KINZIE (JOHN) PKWY.,41.887889,-87.755504,0.0007934015438271707,AUSTIN
ELLIS (SAMUEL),41.827595,-87.611445,0.008148895023058232,OAKLAND
EUGENIE TRIANGLE,41.9127634,-87.6330828,4.958759648919817e-05,LINCOLN PARK
FERNWOOD PKWY.,41.721388,-87.633852,0.007677812856410849,WASHINGTON HEIGHTS
HODES (BARNET),41.762333125,-87.58565454166667,0.0004710821666473826,SOUTH SHORE
MAPLE,41.91882380492199,-87.710178,0.00014049819005272816,LOGAN SQUARE
"MELLIN (CURTIS, SR.)",41.983545,-87.670609,0.00023140878361625815,EDGEWATER
LEVIN (JOHN),41.88907180645161,-87.76344751612903,0.005818277988065918,AUSTIN
MULBERRY POINT,41.98729815897335,-87.80393697677077,5.785219590406454e-05,NORWOOD PARK
MYRTLE GROVE,41.99255343253022,-87.8055188633788,0.001421511099357014,NORWOOD PARK
ADDAMS (JANE) MEML.,41.892584721600365,-87.61619443251136,0.004776938461792757,NEAR NORTH SIDE
HARRIS (RYAN) MEMORIAL,41.770838,-87.640855,0.002578555017438305,ENGLEWOOD
NORWOOD CIRCLE,41.989932,-87.80586471620695,0.002148795847865254,NORWOOD PARK
FARGO (JAMES) BEACH,42.017276,-87.663688,0.000504140564306848,ROGERS PARK
PULLMAN (GEORGE),41.6916137245715,-87.61000155533844,0.0008347245409015025,PULLMAN
CENTENNIAL,41.99201165205047,-87.79864449014428,0.001049604125688028,NORWOOD PARK
MARIANO (LOUIS),41.9017887,-87.62777488167029,0.0001487627894675945,NEAR NORTH SIDE
SENECA,41.89682704355306,-87.62348513554308,0.0008347245409015025,NEAR NORTH SIDE
WASHINGTON SQUARE,41.899914,-87.631223,0.0023471462338220464,NEAR NORTH SIDE
HARTIGAN (DAVID) BEACH,42.00267117093398,-87.65815188929152,0.0018512702689300652,ROGERS PARK
DORIA (HELEN) BEACH,42.0049054,-87.65789021770662,0.0007851369444123043,ROGERS PARK
AIELLO (JOHN),41.918721382769284,-87.7766493790938,0.00033058397659465444,BELMONT CRAGIN
BERGER (ALBERT),41.99514186959401,-87.65543327291059,0.0028926097952032266,EDGEWATER
HOWARD (URE) BEACH,42.019369,-87.664057,0.0008760475379758344,ROGERS PARK
GRIFFIN (MARION MAHONY),42.0162073006348,-87.66374660155451,0.000867782938560968,ROGERS PARK
JUNEWAY BEACH,42.021828103119816,-87.66533165821032,0.0008429891403163689,ROGERS PARK
NORTH SHORE BEACH,42.00380270056749,-87.65819924277262,0.0005454635613811799,ROGERS PARK
PRINZ (TOBEY) BEACH,42.00599835,-87.65780007485456,0.0019091224648341296,ROGERS PARK
ROGERS (PHILLIP) BEACH,42.02108838501987,-87.6650300732725,0.0019587100613233277,ROGERS PARK
LANE (GEORGE) BEACH,41.990173,-87.65628,0.0023967338303112445,EDGEWATER
LYLE (JOHN),41.754205,-87.639963,0.0014380402981867468,AUBURN GRESHAM
MIDWAY PLAISANCE,41.78548496530405,-87.59642914897402,0.05991834575778112,WOODLAWN
JONQUIL,41.92907617811497,-87.65451889034978,0.0027025240086613,LINCOLN PARK
BUTTERNUT,41.798720854335976,-87.5967346953518,0.0003388485760095208,HYDE PARK
SUMAC,41.818419,-87.610345,0.0006694325526041753,GRAND BOULEVARD
SYCAMORE,41.80211246197214,-87.5996920621076,0.0005289343625514471,HYDE PARK
CHESTNUT,41.767663592528514,-87.58938236736563,0.00041322997074331807,SOUTH SHORE
EVERGREEN,41.93994036113977,-87.64537085596363,0.0001239689912229954,LAKE VIEW
CLOVER,41.921835,-87.6633145,0.0003388485760095208,LINCOLN PARK
RUIZ (IRMA C.),41.81166496438037,-87.72082886737999,0.0004380237689879172,ARCHER HEIGHTS
CEDAR,41.97852856086716,-87.65776452448789,0.0003140547777649217,EDGEWATER
MULBERRY,41.8368801875,-87.6670055625,0.0005619927602109126,MCKINLEY PARK
LEE (JOHN),41.735073,-87.71431,0.0002809963801054563,ASHBURN
PINE,41.7224024485894,-87.56578754676615,0.000297525578935189,SOUTH DEERING
JACOLIK (FLORIAN S.),41.84432469547754,-87.66055191781959,0.0003223193771797881,BRIDGEPORT
PARK NO. 584,41.67806363111373,-87.62648345315266,0.00030175160558852215,WEST PULLMAN
PARK NO. 588,41.70449706400153,-87.60403589237961,0.0001900857865419263,PULLMAN
PARK NO. 595,41.6614678,-87.6347604,0.011322501198366914,WEST PULLMAN
PARK NO. 594,41.83637243478261,-87.64612773913043,5.785219590406454e-05,BRIDGEPORT
PARK NO. 589,41.69334706682671,-87.62863730567972,0.00022314418420139176,ROSELAND
PARK NO. 565,41.68365348051948,-87.55947461038961,0.11847303261210929,SOUTH DEERING
PARK NO. 572,41.9130622,-87.76313,0.013851468619316023,AUSTIN
PARK NO. 582,41.72564351724138,-87.66653389655171,0.0008264599414866361,BEVERLY
PARK NO. 583,41.71165906354729,-87.55241468799208,0.00019835038595679267,SOUTH DEERING
PARK NO. 585,41.783591571524966,-87.6995019558255,7.438139473379725e-05,CHICAGO LAWN
PARK NO. 586,41.76256051371675,-87.68696628345462,5.785219590406454e-05,CHICAGO LAWN
PARK NO. 587,41.72208594497656,-87.60755971348793,9.091059356352997e-05,ROSELAND
PARK NO. 590,41.8641477,-87.6223933,0.00023140878361625815,NEAR SOUTH SIDE
PARK NO. 592,41.81917119543487,-87.6135192545493,0.0003057901783500554,GRAND BOULEVARD
PARK NO. 593,41.96372546340595,-87.73165862762592,0.00023140878361625815,ALBANY PARK
PARK NO. 591,41.82473822404282,-87.60386549134364,0.00023140878361625815,OAKLAND
PARK NO. 596,41.80610071150762,-87.68446709927684,0.014545694970164797,BRIGHTON PARK
PARK NO. 597,41.668845,-87.559364,0.009917519297839633,SOUTH DEERING
PARK NO. 598,41.909604259165626,-87.64350058434098,0.0032149291723830146,NEAR NORTH SIDE
